a,331,1,497
a,189,1,1013
a,640,1,889
a,168,1,629
a,388,1,649
a,114,1,699
a,49,2,935
a,184,3,336
abdulaziz,724,1,670
about,184,1,336
acciona،,286,1,982
accuweather,49,2,935
activityredeemoffersplay,184,1,336
acyw,553,1,845
ad,358,1,549
ad,426,1,4
ad,351,1,560
adding,184,1,336
ads,184,1,336
adsstark,184,1,336
aelkasasyoumcom,183,1,412
afabdelmonemyoumcom,183,1,412
afirmaban,173,1,743
after,168,1,629
ag,286,1,982
age,184,1,336
ag،,286,3,982
ahli,40,1,618
ai,11,1,2032
ai,22,1,2032
ai,19,2,2113
ai,292,1,1049
ai,131,5,615
ai,991,1,2032
ai,1,1,2032
ai,972,1,2032
ai,973,1,2032
ai,962,1,2032
ai,963,1,2032
ai,557,1,1059
ai,933,1,2032
ai,989,1,2032
ai,948,1,2032
ai,828,2,2113
ai,949,1,2032
air,557,1,1059
air,854,1,592
air,292,1,1049
al,184,1,336
alcantaras,168,1,629
all,184,2,336
almazn,173,1,743
almost,184,1,336
also,184,2,336
als،,837,1,826
always,453,1,374
always,454,1,370
ama,857,1,967
ameca,782,1,5089
an,168,2,629
ancient,755,1,724
and,431,1,6
and,49,1,935
and,945,1,6
and,184,9,336
and,130,1,787
android,841,2,746
android,19,1,2113
android,848,3,720
android,828,1,2113
android،,134,1,991
ao,173,1,743
aol,133,2,766
aol،,133,1,766
api,852,1,584
api,825,1,757
apis,837,1,826
app,184,4,336
app,905,1,593
apparrowforwardbe,184,1,336
apple,851,1,714
apple,854,13,592
apple,19,2,2113
apple,856,3,713
apple,837,3,826
apple,848,1,720
apple,828,2,2113
apps,184,2,336
aquaman,453,1,374
aquaman,454,1,370
arab,184,1,336
arcade,521,1,591
are,877,1,644
are,184,3,336
ark,839,1,584
arsenal,31,1,548
artemis,843,1,770
article,184,3,336
articleyoumcom,183,2,412
artnews,761,1,703
as,184,2,336
asad,9,1,777
asad,429,1,777
aseries,851,1,714
assistive,837,1,826
ast,840,2,725
as،,286,1,982
at,49,1,935
atm,466,1,702
atm،,276,1,1233
att,840,9,725
att,19,2,2113
att,828,2,2113
atypical,837,1,826
auto,22,1,2032
auto,11,1,2032
auto,19,2,2113
auto,1,1,2032
auto,991,1,2032
auto,135,5,555
auto,972,1,2032
auto,962,1,2032
auto,973,1,2032
auto,963,1,2032
auto,933,1,2032
auto,989,1,2032
auto,948,1,2032
auto,828,2,2113
auto,949,1,2032
available,350,1,642
award,877,1,644
azud,286,1,982
a،,331,1,497
b,640,1,889
baby,476,1,651
bad,453,1,374
bad,454,1,370
bad,184,1,336
badea،,281,1,1356
baltaire,709,1,824
banquet,758,1,838
barcelona,364,1,700
based,184,1,336
bbc,155,2,46560
bcd,388,1,649
bdnf،,630,1,803
be,184,2,336
beach,833,1,640
behavior,755,1,724
bein,792,1,17268
bein,364,1,700
bein,355,1,542
bein,357,2,935
bein,358,1,549
bein,362,2,704
bein,351,1,560
beinsports,364,1,700
beinsports,355,1,542
beinsports,357,2,935
beinsports,362,2,704
best,6,1,2056
best,303,1,2056
best,150,1,15699
best,969,1,1389
best,937,1,2056
best,175,2,594
bestof,501,1,792
beta,841,1,746
beta,19,1,2113
beta,828,1,2113
between,150,1,15699
bid,168,1,629
binance,832,1,613
binance،,974,1,1341
binance،,832,1,613
binance،,19,1,2113
binance،,828,1,2113
biology,130,1,787
black,766,1,788
blank,184,1,336
blonde,150,1,15699
boger,842,1,784
book,150,1,15699
boom,521,6,591
boom,10,1,2196
borussia,350,1,642
boys,376,1,523
brasil,173,1,743
bukowina,662,3,655
bukowina,162,3,655
businessinsider,722,1,598
but,184,1,336
bvb,350,2,642
by,833,2,640
by,184,1,336
byd,827,1,738
byowave,19,1,2113
byowave,833,2,640
byowave,828,1,2113
byrdie,729,1,704
bytedance,836,1,816
bytedance،,836,1,816
c,633,3,747
cafclfinal,355,1,542
calles,173,1,743
cambi,286,1,982
can,150,1,15699
cannes,722,2,598
cannes,715,2,597
cant,184,3,336
capabilities,184,1,336
capital,173,1,743
cardsredeemrefund,184,1,336
cash,832,1,613
cast,859,1,680
castle,763,1,725
cbc,583,1,676
cbc,585,1,535
cbc،,583,1,676
cbc،,585,1,535
cc،,563,1,1724
cdc,14,1,2032
cdc,645,1,768
cdc,616,1,2032
cdcمعظم,640,1,889
center,899,1,739
chatbot,134,1,991
chatgpt,22,1,2032
chatgpt,11,1,2032
chatgpt,19,3,2113
chatgpt,991,1,2032
chatgpt,1,1,2032
chatgpt,134,15,991
chatgpt,433,1,938
chatgpt,972,1,2032
chatgpt,973,1,2032
chatgpt,962,1,2032
chatgpt,963,1,2032
chatgpt,933,1,2032
chatgpt,989,1,2032
chatgpt,825,3,757
chatgpt,948,1,2032
chatgpt,828,3,2113
chatgpt,949,1,2032
chatgpts,134,1,991
chematierra,173,1,743
children,128,1,678
chromebook,131,1,615
chromebook،,131,1,615
chromecast,859,1,680
chromecast،,859,1,680
cia,155,1,46560
cib,297,1,579
cib,280,1,556
cib,291,1,562
cib,293,2,558
cib,54,1,979
city,135,2,555
city,19,1,2113
city,828,1,2113
clack,453,10,374
clack,454,10,370
clack,9,3,777
clack,429,3,777
classic,350,1,642
click,184,1,336
cloud,19,1,2113
cloud,828,1,2113
cloud,839,1,584
club,168,1,629
club,521,1,591
cnbc,857,1,967
cnn,690,1,557
coda,150,1,15699
code,397,1,628
code،,397,1,628
code،,408,1,1287
code،,394,1,1373
coin,832,2,613
coinmarketcap,832,1,613
collect,184,2,336
come,168,1,629
comment,184,1,336
compose,841,1,746
con,173,1,743
conectan,173,1,743
conexin,173,1,743
contract,168,1,629
control,837,2,826
controller،,19,1,2113
controller،,833,1,640
controller،,828,1,2113
cop,819,4,8017
cop,155,2,46560
cop,810,8,6336
cop,779,1,1917
cop,295,1,830
coperci,563,1,1724
copy,907,1,718
copy,908,1,584
copy,909,1,578
copy,910,1,586
copy,911,1,731
copy,912,1,780
copy,913,1,612
copy,914,1,565
copy,915,1,646
copy,916,1,687
copy,917,1,591
copy,918,1,615
copy,919,1,719
copy,920,1,626
copy,921,1,763
copy,922,1,787
copy,802,1,758
copy,923,1,665
copy,803,1,1086
copy,924,1,868
copy,925,1,581
copy,804,1,861
copy,926,1,558
copy,806,1,970
copy,927,1,521
copy,928,1,703
copy,808,1,631
copy,929,1,640
copy,809,1,2150
copy,930,1,747
copy,811,1,1030
copy,812,1,1385
copy,813,1,1000
copy,935,1,483
copy,816,1,1312
copy,938,1,653
copy,817,1,845
copy,818,1,816
copy,820,1,925
copy,700,1,629
copy,822,1,1016
copy,701,1,780
copy,702,1,657
copy,823,1,884
copy,703,1,670
copy,824,1,2093
copy,825,1,757
copy,946,1,686
copy,705,1,765
copy,826,1,794
copy,706,1,821
copy,827,1,738
copy,707,1,964
copy,708,1,609
copy,829,1,625
copy,709,1,824
copy,830,1,707
copy,831,1,613
copy,710,1,942
copy,832,1,613
copy,711,1,704
copy,833,1,640
copy,712,1,750
copy,834,1,648
copy,713,1,615
copy,714,1,2914
copy,835,1,720
copy,836,1,816
copy,715,1,597
copy,837,1,826
copy,716,1,777
copy,717,1,841
copy,838,1,700
copy,839,1,584
copy,718,1,799
copy,719,1,759
copy,960,1,561
copy,840,1,725
copy,720,1,620
copy,841,1,746
copy,600,1,618
copy,721,1,635
copy,842,1,784
copy,843,1,770
copy,601,1,622
copy,722,1,598
copy,602,1,552
copy,723,1,629
copy,844,1,713
copy,845,1,655
copy,724,1,670
copy,603,1,472
copy,725,1,738
copy,604,1,596
copy,846,1,796
copy,847,1,575
copy,726,1,682
copy,605,1,545
copy,727,1,583
copy,848,1,720
copy,606,1,505
copy,849,1,573
copy,728,1,696
copy,607,1,535
copy,729,1,704
copy,608,1,513
copy,609,1,514
copy,850,1,678
copy,851,1,714
copy,730,1,786
copy,610,1,579
copy,731,1,825
copy,852,1,584
copy,853,1,594
copy,732,1,713
copy,611,1,496
copy,854,1,592
copy,612,1,624
copy,733,1,3024
copy,975,1,781
copy,855,1,647
copy,613,1,468
copy,614,1,549
copy,735,1,1687
copy,856,1,713
copy,736,1,591
copy,857,1,967
copy,615,1,519
copy,858,1,555
copy,859,1,680
copy,739,1,1177
copy,860,1,597
copy,740,1,733
copy,620,1,612
copy,741,1,710
copy,621,1,793
copy,742,1,738
copy,622,1,885
copy,743,1,706
copy,864,1,512
copy,623,1,770
copy,865,1,606
copy,744,1,612
copy,624,1,756
copy,866,1,797
copy,745,1,718
copy,746,1,1240
copy,867,1,616
copy,625,1,624
copy,868,1,743
copy,626,1,865
copy,747,1,669
copy,748,1,685
copy,627,1,706
copy,869,1,492
copy,749,1,639
copy,628,1,719
copy,629,1,799
copy,990,1,572
copy,870,1,586
copy,750,1,699
copy,871,1,592
copy,630,1,803
copy,751,1,670
copy,872,1,514
copy,752,1,582
copy,994,1,653
copy,631,1,780
copy,873,1,743
copy,632,1,826
copy,511,1,566
copy,874,1,649
copy,753,1,641
copy,875,1,523
copy,512,1,617
copy,754,1,597
copy,633,1,747
copy,755,1,724
copy,876,1,599
copy,634,1,729
copy,877,1,644
copy,756,1,613
copy,635,1,617
copy,636,1,827
copy,515,1,593
copy,757,1,514
copy,878,1,722
copy,879,1,594
copy,637,1,650
copy,516,1,1101
copy,758,1,838
copy,759,1,576
copy,638,1,584
copy,517,1,955
copy,639,1,815
copy,518,1,633
copy,519,1,661
copy,880,1,620
copy,760,1,682
copy,881,1,710
copy,640,1,889
copy,882,1,576
copy,761,1,703
copy,641,1,675
copy,520,1,662
copy,883,1,558
copy,762,1,679
copy,642,1,907
copy,521,1,591
copy,400,1,657
copy,884,1,532
copy,763,1,725
copy,764,1,828
copy,643,1,680
copy,885,1,613
copy,522,1,1062
copy,886,1,695
copy,765,1,686
copy,402,1,1078
copy,644,1,680
copy,523,1,674
copy,766,1,788
copy,524,1,699
copy,887,1,540
copy,403,1,649
copy,645,1,768
copy,646,1,763
copy,767,1,691
copy,888,1,569
copy,525,1,590
copy,404,1,696
copy,889,1,567
copy,405,1,612
copy,768,1,875
copy,526,1,706
copy,647,1,706
copy,648,1,763
copy,769,1,685
copy,406,1,837
copy,527,1,689
copy,407,1,714
copy,649,1,728
copy,528,1,710
copy,529,1,651
copy,890,1,632
copy,770,1,794
copy,891,1,669
copy,650,1,608
copy,771,1,844
copy,651,1,542
copy,530,1,750
copy,652,1,600
copy,894,1,661
copy,531,1,718
copy,411,1,1247
copy,532,1,670
copy,895,1,528
copy,412,1,1285
copy,533,1,525
copy,655,1,654
copy,534,1,546
copy,413,1,680
copy,776,1,956
copy,898,1,735
copy,535,1,684
copy,656,1,557
copy,657,1,608
copy,415,1,672
copy,536,1,618
copy,778,1,1026
copy,899,1,739
copy,416,1,647
copy,537,1,766
copy,538,1,721
copy,539,1,735
copy,780,1,1121
copy,781,1,1121
copy,660,1,718
copy,540,1,631
copy,661,1,519
copy,662,1,655
copy,541,1,654
copy,420,1,672
copy,783,1,2146
copy,421,1,665
copy,542,1,620
copy,300,1,531
copy,663,1,622
copy,543,1,828
copy,301,1,545
copy,664,1,703
copy,422,1,728
copy,665,1,749
copy,302,1,742
copy,545,1,1088
copy,424,1,700
copy,787,1,953
copy,666,1,541
copy,788,1,1035
copy,546,1,1578
copy,667,1,635
copy,425,1,733
copy,304,1,669
copy,668,1,640
copy,789,1,720
copy,669,1,959
copy,549,1,939
copy,308,1,722
copy,309,1,590
copy,790,1,793
copy,670,1,695
copy,791,1,678
copy,550,1,1159
copy,671,1,577
copy,672,1,577
copy,551,1,988
copy,552,1,1743
copy,310,1,533
copy,673,1,796
copy,794,1,2260
copy,553,1,845
copy,674,1,616
copy,311,1,606
copy,554,1,1321
copy,312,1,725
copy,796,1,856
copy,675,1,510
copy,797,1,1024
copy,555,1,1175
copy,313,1,841
copy,676,1,568
copy,798,1,790
copy,677,1,670
copy,314,1,554
copy,556,1,1011
copy,315,1,684
copy,799,1,1014
copy,557,1,1059
copy,678,1,957
copy,679,1,797
copy,558,1,2951
copy,316,1,511
copy,559,1,1100
copy,317,1,655
copy,318,1,558
copy,319,1,633
copy,680,1,507
copy,681,1,1293
copy,560,1,895
copy,561,1,1091
copy,682,1,510
copy,562,1,924
copy,320,1,506
copy,683,1,514
copy,563,1,1724
copy,200,1,566
copy,321,1,527
copy,684,1,901
copy,564,1,859
copy,322,1,521
copy,201,1,583
copy,685,1,1012
copy,323,1,611
copy,202,1,637
copy,686,1,560
copy,565,1,972
copy,324,1,653
copy,566,1,975
copy,203,1,744
copy,687,1,539
copy,204,1,926
copy,688,1,899
copy,325,1,556
copy,567,1,1039
copy,205,1,648
copy,326,1,531
copy,689,1,669
copy,568,1,963
copy,327,1,781
copy,206,1,657
copy,569,1,784
copy,328,1,570
copy,207,1,660
copy,329,1,685
copy,208,1,761
copy,209,1,621
copy,690,1,557
copy,570,1,1139
copy,691,1,576
copy,571,1,913
copy,692,1,528
copy,572,1,1156
copy,330,1,619
copy,693,1,612
copy,573,1,1411
copy,694,1,674
copy,210,1,620
copy,331,1,497
copy,574,1,1188
copy,695,1,843
copy,211,1,681
copy,332,1,574
copy,696,1,1148
copy,575,1,943
copy,212,1,539
copy,576,1,1372
copy,334,1,608
copy,213,1,641
copy,577,1,1186
copy,214,1,596
copy,215,1,654
copy,216,1,638
copy,217,1,663
copy,338,1,648
copy,218,1,682
copy,339,1,720
copy,340,1,677
copy,582,1,498
copy,341,1,655
copy,583,1,676
copy,221,1,738
copy,100,1,683
copy,342,1,692
copy,584,1,596
copy,101,1,666
copy,585,1,535
copy,222,1,546
copy,343,1,857
copy,102,1,539
copy,223,1,548
copy,586,1,551
copy,344,1,714
copy,103,1,585
copy,224,1,638
copy,587,1,534
copy,345,1,610
copy,588,1,655
copy,346,1,593
copy,225,1,763
copy,104,1,730
copy,347,1,786
copy,589,1,575
copy,226,1,713
copy,105,1,550
copy,106,1,620
copy,348,1,772
copy,227,1,503
copy,107,1,753
copy,349,1,584
copy,228,1,497
copy,108,1,1061
copy,229,1,677
copy,109,1,1173
copy,590,1,540
copy,591,1,561
copy,592,1,583
copy,350,1,642
copy,351,1,560
copy,593,1,522
copy,110,1,819
copy,231,1,537
copy,352,1,736
copy,594,1,735
copy,353,1,704
copy,595,1,547
copy,111,1,686
copy,354,1,764
copy,112,1,538
copy,596,1,551
copy,233,1,459
copy,597,1,570
copy,355,1,542
copy,113,1,727
copy,234,1,457
copy,356,1,853
copy,114,1,699
copy,235,1,557
copy,598,1,559
copy,357,1,935
copy,115,1,613
copy,599,1,603
copy,236,1,502
copy,116,1,585
copy,237,1,536
copy,358,1,549
copy,238,1,574
copy,359,1,603
copy,117,1,472
copy,118,1,565
copy,239,1,513
copy,119,1,841
copy,360,1,593
copy,361,1,631
copy,240,1,615
copy,241,1,635
copy,120,1,620
copy,362,1,704
copy,363,1,617
copy,121,1,548
copy,242,1,631
copy,364,1,700
copy,243,1,521
copy,122,1,623
copy,123,1,713
copy,244,1,685
copy,124,1,620
copy,245,1,533
copy,125,1,611
copy,246,1,751
copy,126,1,781
copy,368,1,620
copy,247,1,650
copy,369,1,1299
copy,127,1,670
copy,248,1,752
copy,249,1,796
copy,128,1,678
copy,129,1,706
copy,23,1,483
copy,24,1,686
copy,25,1,561
copy,26,1,781
copy,27,1,572
copy,28,1,701
copy,29,1,724
copy,370,1,678
copy,371,1,621
copy,250,1,747
copy,251,1,529
copy,130,1,787
copy,252,1,583
copy,373,1,601
copy,131,1,615
copy,132,1,836
copy,253,1,731
copy,133,1,766
copy,254,1,695
copy,255,1,558
copy,134,1,991
copy,376,1,523
copy,256,1,681
copy,135,1,555
copy,377,1,578
copy,257,1,661
copy,136,1,673
copy,378,1,687
copy,137,1,811
copy,379,1,645
copy,258,1,661
copy,259,1,635
copy,138,1,541
copy,139,1,541
copy,30,1,827
copy,31,1,548
copy,32,1,609
copy,33,1,513
copy,34,1,564
copy,35,1,591
copy,37,1,611
copy,38,1,747
copy,39,1,812
copy,380,1,724
copy,260,1,641
copy,140,1,980
copy,382,1,662
copy,261,1,674
copy,262,1,465
copy,384,1,564
copy,263,1,452
copy,385,1,662
copy,264,1,503
copy,265,1,509
copy,387,1,675
copy,146,1,1166
copy,388,1,649
copy,147,1,1040
copy,389,1,686
copy,269,1,1047
copy,149,1,1255
copy,40,1,618
copy,41,1,461
copy,42,1,874
copy,43,1,544
copy,44,1,643
copy,45,1,800
copy,46,1,699
copy,47,1,741
copy,48,1,493
copy,49,1,935
copy,392,1,574
copy,271,1,626
copy,272,1,661
copy,273,1,682
copy,153,1,982
copy,274,1,935
copy,395,1,539
copy,154,1,1277
copy,396,1,705
copy,275,1,977
copy,276,1,1233
copy,397,1,628
copy,277,1,672
copy,398,1,952
copy,399,1,606
copy,157,1,843
copy,278,1,760
copy,158,1,718
copy,279,1,481
copy,50,1,1164
copy,51,1,622
copy,52,1,1154
copy,53,1,1300
copy,54,1,979
copy,55,1,1081
copy,56,1,967
copy,57,1,574
copy,58,1,564
copy,59,1,587
copy,280,1,556
copy,281,1,1356
copy,160,1,519
copy,161,1,608
copy,282,1,659
copy,283,1,585
copy,162,1,655
copy,163,1,557
copy,284,1,517
copy,164,1,678
copy,285,1,564
copy,165,1,764
copy,286,1,982
copy,166,1,878
copy,287,1,539
copy,167,1,788
copy,288,1,728
copy,168,1,629
copy,289,1,1117
copy,169,1,763
copy,60,1,911
copy,61,1,640
copy,62,1,575
copy,63,1,489
copy,64,1,598
copy,65,1,639
copy,66,1,560
copy,67,1,616
copy,68,1,495
copy,69,1,596
copy,290,1,780
copy,170,1,984
copy,291,1,562
copy,292,1,1049
copy,171,1,843
copy,172,1,625
copy,293,1,558
copy,173,1,743
copy,294,1,657
copy,295,1,830
copy,174,1,764
copy,296,1,545
copy,175,1,594
copy,176,1,767
copy,297,1,579
copy,177,1,1909
copy,298,1,682
copy,178,1,568
copy,299,1,527
copy,179,1,636
copy,70,1,600
copy,71,1,796
copy,72,1,590
copy,73,1,542
copy,74,1,768
copy,75,1,782
copy,76,1,582
copy,77,1,619
copy,78,1,596
copy,79,1,751
copy,180,1,559
copy,181,1,647
copy,182,1,637
copy,188,1,686
copy,189,1,1013
copy,80,1,649
copy,81,1,665
copy,82,1,626
copy,83,1,711
copy,84,1,1003
copy,85,1,524
copy,86,1,638
copy,87,1,719
copy,88,1,518
copy,89,1,627
copy,190,1,635
copy,191,1,721
copy,192,1,542
copy,193,1,596
copy,194,1,664
copy,195,1,555
copy,196,1,694
copy,197,1,539
copy,198,1,635
copy,199,1,879
copy,90,1,719
copy,91,1,599
copy,92,1,735
copy,93,1,487
copy,94,1,703
copy,95,1,516
copy,96,1,672
copy,97,1,823
copy,98,1,881
copy,99,1,719
copy,900,1,543
copy,901,1,625
copy,902,1,560
copy,903,1,606
copy,904,1,618
copy,905,1,593
copy,906,1,532
cop،,295,1,830
cop،,274,1,935
cpi,832,1,613
crowdtangle،,846,1,796
crs,866,1,797
cuencas,173,1,743
cues،,837,1,826
currently,877,1,644
cwur,893,1,2141
cwur,899,3,739
cwur,21,1,2141
cwur،,899,2,739
cybertruck,857,1,967
c،,633,2,747
d,506,1,388
dagobert,761,3,703
dagobert,17,1,2146
dagobert,758,1,838
darts,521,1,591
data,184,4,336
daysoftheyear,720,1,620
dc,453,3,374
dc,454,1,370
dc,9,1,777
dc,429,1,777
de,761,3,703
de,17,1,2146
de,758,2,838
de,173,6,743
declare,184,1,336
deletedsee,184,1,336
delhawaryyoumcom,183,1,412
desde,173,1,743
design,833,2,640
designer,833,1,640
despacito,150,1,15699
detailsratings,184,1,336
detection,852,1,584
developer,184,1,336
developers,184,2,336
devicespaymentpayments,184,1,336
distractions,761,3,703
distractions,17,1,2146
distractions,758,1,838
dmc,121,1,548
dmc,423,2,1370
dmc,118,1,565
dmc,142,1,1333
dmc،,13,2,2069
dmc،,390,1,1455
dmc،,283,1,585
dmc،,142,1,1333
dmc،,582,1,498
dmc،,121,1,548
dmc،,584,2,596
dmc،,597,1,570
dmc،,599,1,603
dmc،,423,3,1370
dmc،,414,2,1348
dmc،,579,2,2069
dmc،,118,1,565
dmc،,52,1,1154
do,184,1,336
doesnt,184,1,336
dollares,298,1,682
dortmund,350,2,642
dsa,19,1,2113
dsa,846,2,796
dsa,828,1,2113
due,184,1,336
duqqi,426,1,4
during,168,1,629
dwell,837,2,826
e,731,2,825
e,712,1,750
east,184,1,336
edge,839,1,584
education,131,3,615
efootball,510,1,754
egy,80,1,649
egy,82,1,626
egypt,155,1,46560
egypt,184,1,336
egypt,295,1,830
eib،,289,2,1117
eightseason,168,1,629
el,184,1,336
ellis،,836,1,816
elnenny,31,1,548
elneny,31,1,548
emaildeveloperyoumcomshieldprivacy,184,1,336
en,173,2,743
encrypteddata,184,1,336
end,168,1,629
energy،,274,1,935
enero,173,1,743
engadget،,846,1,796
engine,837,1,826
english,184,1,336
enilive،,274,1,935
entertainment,535,1,684
entre,173,1,743
environment,705,1,765
envirospark،,827,1,738
eqe,282,1,659
es,173,1,743
escape,506,1,388
estas,173,1,743
este,173,1,743
ethereum,826,1,794
euro,286,1,982
evening,49,1,935
eventualmente,173,1,743
ever,150,1,15699
every,184,1,336
everything,168,2,629
evolved,839,1,584
example,184,1,336
expertos,173,1,743
expiration,168,1,629
express,184,1,336
extra,358,1,549
extra,351,1,560
eye,837,1,826
face,852,1,584
facebook,470,1,728
facebook,472,1,730
facebook,473,1,337
facebook,474,1,350
facebook,475,1,360
facebook,476,1,651
facebook,432,1,354
facebook,433,1,938
facebook,510,1,754
facebook,477,1,342
facebook,478,1,340
facebook,434,1,357
facebook,435,1,377
facebook,479,1,317
facebook,436,1,389
facebook,437,1,396
facebook,438,1,405
facebook,439,1,366
facebook,480,1,337
facebook,481,1,517
facebook,482,1,414
facebook,483,1,416
facebook,484,1,383
facebook,440,1,967
facebook,485,1,525
facebook,441,1,817
facebook,442,1,376
facebook,443,1,385
facebook,487,1,470
facebook,444,1,415
facebook,488,1,392
facebook,445,1,885
facebook,489,1,885
facebook,447,1,327
facebook,448,1,355
facebook,9,1,777
facebook,449,1,344
facebook,490,1,745
facebook,492,1,690
facebook,493,1,422
facebook,494,1,885
facebook,450,1,363
facebook,495,1,604
facebook,451,1,717
facebook,496,1,1004
facebook,452,1,350
facebook,453,1,374
facebook,497,1,243
facebook,498,1,359
facebook,454,1,370
facebook,499,1,274
facebook,457,1,341
facebook,458,1,428
facebook,459,1,430
facebook,460,1,1014
facebook,461,1,593
facebook,462,1,507
facebook,463,1,481
facebook,464,1,373
facebook,465,1,373
facebook,466,1,702
facebook,500,1,353
facebook,467,1,340
facebook,501,1,792
facebook,468,1,344
facebook,469,1,366
facebook,502,1,240
facebook,503,1,336
facebook,427,1,350
facebook,504,1,342
facebook,428,1,745
facebook,505,1,550
facebook,506,1,388
facebook,429,1,777
facebook,507,1,360
facebook,508,1,394
facebook,509,1,1259
factory،,844,1,713
familyparent,184,1,336
farewell,168,1,629
fbi,506,1,388
fc,168,2,629
fcc,840,1,725
festival,722,2,598
festival,715,2,597
film,722,2,598
film,715,2,597
films,535,1,684
find,184,4,336
first,184,1,336
fixed,184,1,336
flag,184,3,336
flash,131,1,615
flight,521,1,591
float,843,7,770
flowtech,286,1,982
for,168,2,629
for,833,1,640
for,877,1,644
for,899,1,739
for,184,2,336
for,131,2,615
for,829,1,625
forgive,150,1,15699
fortnite،,839,1,584
found,184,3,336
four,49,1,935
free,130,1,787
from,184,2,336
full,857,1,967
g,155,2,46560
game,453,1,374
game,454,1,370
gameface,852,1,584
gameface،,852,2,584
gameface،,19,1,2113
gameface،,828,1,2113
games,135,2,555
game،,521,1,591
gaming,19,1,2113
gaming,839,1,584
gaming,828,1,2113
gel,173,1,743
gemini,11,1,2032
gemini,22,1,2032
gemini,19,2,2113
gemini,131,9,615
gemini,991,1,2032
gemini,1,1,2032
gemini,972,1,2032
gemini,973,1,2032
gemini,962,1,2032
gemini,963,1,2032
gemini,933,1,2032
gemini,989,1,2032
gemini,948,1,2032
gemini,828,2,2113
gemini,949,1,2032
genz,155,1,46560
get,184,2,336
giga,844,1,713
girls,453,1,374
girls,454,1,370
giverny,758,1,838
godfather,453,1,374
godfather,454,1,370
golf,521,1,591
google,22,1,2032
google,11,1,2032
google,19,3,2113
google,184,3,336
google,131,4,615
google,1,1,2032
google,991,1,2032
google,430,1,17
google,972,1,2032
google,841,4,746
google,973,1,2032
google,962,1,2032
google,852,2,584
google,963,1,2032
google,933,1,2032
google,989,1,2032
google,858,1,555
google,825,1,757
google,848,2,720
google,948,1,2032
google,949,1,2032
google,828,3,2113
googleplayappslibrary,184,1,336
google،,845,1,655
gooner,31,1,548
gps,667,1,635
gps،,841,1,746
gpt,134,21,991
gpt,498,2,359
gpt,19,1,2113
gpt,828,1,2113
gpto,134,1,991
gpts,134,1,991
grand,11,1,2032
grand,22,1,2032
grand,19,2,2113
grand,1,1,2032
grand,991,1,2032
grand,135,5,555
grand,972,1,2032
grand,973,1,2032
grand,962,1,2032
grand,963,1,2032
grand,933,1,2032
grand,989,1,2032
grand,948,1,2032
grand,828,2,2113
grand,949,1,2032
great,184,2,336
green,150,1,15699
grok،,830,1,707
group,286,1,982
gta,135,2,555
guggenheim,761,1,703
guggenheim,836,1,816
guidefamily,184,1,336
g،,132,1,836
hammered,49,1,935
happy,150,1,15699
haptics,837,1,826
has,184,1,336
hcg,636,1,827
hcg،,636,1,827
hd,341,1,655
hd,165,1,764
hd,358,2,549
hd,351,2,560
he,168,1,629
health,128,1,678
healthline,652,1,600
healthline,644,1,680
healthshots,639,1,815
healthshots،,126,1,781
healthshots،,622,1,885
healthshots،,546,1,1578
helped,168,1,629
helpfuldid,184,3,336
helpfulyesnoa,184,1,336
helpfulyesnoahmad,184,1,336
helpfulyesnosee,184,1,336
henriade،,767,1,691
here,350,1,642
heritagedaily,751,1,670
heritagedaily,763,1,725
herثقافة,150,1,15699
high,839,1,584
him,150,1,15699
hindustantimes,14,1,2032
hindustantimes,647,1,706
hindustantimes,616,1,2032
his,168,1,629
historyapril,184,1,336
home,350,1,642
homesandgardens,707,1,964
houston,49,1,935
how,184,3,336
httpsformsofficecomrcsrvharbs,397,1,628
httpsformsofficecomrerivpsd,397,1,628
httpsformsofficecomrpggieyds,397,1,628
httpsformsofficecomrwtekgzr,397,1,628
httpsjobscaoagoveg,287,1,539
httpstcoxhcppqctl,350,1,642
httpswwwyoutubecomwatchvwoamfim,594,1,735
human,755,1,724
i,150,1,15699
i,507,1,360
i,184,3,336
icf,155,1,46560
icf,295,1,830
icloud,856,1,713
icmr,575,2,943
icmr,642,1,907
icmr,643,2,680
icom,177,1,1909
icom،,110,1,819
ida,289,1,1117
ida،,289,1,1117
if,184,1,336
ifat,286,2,982
ifat,5,1,2042
ifat,270,1,2042
iii,843,1,770
ilo،,272,1,661
in,184,3,336
inappropriateapp,184,1,336
inappropriategoogle,184,1,336
inappropriatejanuary,184,1,336
inappropriatejuly,184,1,336
inappropriateshow,184,1,336
include,184,1,336
incluzza،,852,1,584
india,851,1,714
india,841,1,746
india,844,1,713
infinite,839,1,584
infodata,184,1,336
infoinstallshareadd,184,1,336
information,184,1,336
inmet,657,1,608
inmet,161,1,608
instagram,431,1,6
instagram,945,1,6
intel,838,1,700
interactive,135,1,555
interactive,19,1,2113
interactive,828,1,2113
io,841,4,746
io,852,1,584
io,19,1,2113
io,828,1,2113
ios,134,1,991
ios,510,1,754
ios,19,1,2113
ios,856,5,713
ios,837,1,826
ios,828,1,2113
ipad,842,3,784
ipad,854,6,592
ipad,19,3,2113
ipad,856,1,713
ipad,828,3,2113
ipados,842,2,784
iphone,851,20,714
iphone,19,2,2113
iphone,837,4,826
iphone,828,2,2113
ipod,133,1,766
irena,274,1,935
is,184,3,336
is,350,1,642
isf،,905,1,593
isnt,184,1,336
it,533,1,525
it,538,3,721
it,184,4,336
it,509,1,1259
its,168,1,629
jacu,173,1,743
jagran,713,1,615
james,766,1,788
jetpack,841,2,746
joel,168,2,629
joker,453,1,374
joker,454,1,370
journal،,126,1,781
just,184,2,336
karlos,72,1,590
killing,49,1,935
king,150,1,15699
kirkland,836,1,816
kit,350,1,642
kmt،,286,1,982
knocking,49,1,935
know,150,1,15699
know,184,1,336
k،,713,1,615
la,767,1,691
la,150,2,15699
la,173,3,743
lady,150,1,15699
lancet,249,1,796
lancet,558,1,2951
land,150,1,15699
landmarks,852,1,584
lane,763,1,725
largest,184,1,336
las,173,2,743
latest,184,1,336
le,758,1,838
least,49,1,935
led,705,1,765
lenlvement,758,1,838
les,761,3,703
les,17,1,2146
les,758,1,838
lfc,168,2,629
liberty،,836,1,816
life,839,1,584
light,150,1,15699
linkedin,19,1,2113
linkedin,844,1,713
linkedin,828,1,2113
linkedin,829,1,625
lion,150,1,15699
live,470,1,728
live,472,1,730
live,473,1,337
live,474,1,350
live,475,1,360
live,476,1,651
live,432,1,354
live,477,1,342
live,510,1,754
live,433,1,938
live,434,1,357
live,478,1,340
live,479,1,317
live,435,1,377
live,436,1,389
live,437,1,396
live,438,1,405
live,439,1,366
live,480,1,337
live,481,1,517
live,482,1,414
live,483,1,416
live,440,1,967
live,484,1,383
live,485,1,525
live,441,1,817
live,442,1,376
live,487,1,470
live,443,1,385
live,488,1,392
live,444,1,415
live,489,1,885
live,445,1,885
live,447,1,327
live,448,1,355
live,9,2,777
live,449,1,344
live,490,1,745
live,492,1,690
live,493,1,422
live,450,1,363
live,494,1,885
live,451,1,717
live,495,1,604
live,452,1,350
live,496,1,1004
live,497,1,243
live,453,1,374
live,454,1,370
live,498,1,359
live,499,1,274
live,457,1,341
live,458,1,428
live,459,1,430
live,460,1,1014
live,461,1,593
live,462,1,507
live,463,1,481
live,464,1,373
live,465,1,373
live,466,1,702
live,467,1,340
live,500,1,353
live,468,1,344
live,501,1,792
live,502,1,240
live,469,1,366
live,503,1,336
live,504,1,342
live,427,1,350
live,428,1,745
live,505,1,550
live,429,2,777
live,506,1,388
live,507,1,360
live,508,1,394
live,509,1,1259
liverpool,168,2,629
livescience,770,1,794
llcvideoyoum,430,1,17
lock،,848,1,720
london,905,1,593
los,173,1,743
lot,184,1,336
lothgha,905,1,593
luisde,72,1,590
m,842,1,784
m,19,1,2113
m,828,1,2113
mac,134,1,991
mac,837,2,826
macbooks,842,2,784
macbooks,19,1,2113
macbooks,828,1,2113
macos,842,1,784
macos،,837,1,826
macrumors,856,1,713
magazinesdata,184,1,336
main,521,1,591
march,184,1,336
matip,168,1,629
max,851,11,714
max,19,1,2113
max,828,1,2113
max،,851,1,714
may,364,1,700
may,45,1,800
may,168,2,629
may,49,1,935
may,357,4,935
may,39,1,812
may,184,3,336
may,173,1,743
may,350,1,642
may,31,1,548
may,362,2,704
mcq،,388,1,649
me,150,1,15699
mediapipe,852,1,584
medicina,639,1,815
medicine,128,1,678
medicine,130,1,787
medium,398,1,952
meet,131,1,615
megalopolis,16,2,2043
megalopolis,702,3,657
megalopolis,704,2,2043
megalopolis،,702,1,657
memorable,168,1,629
mentalhealth,55,1,1081
meta,19,1,2113
meta,846,2,796
meta,859,7,680
meta,828,1,2113
meules,758,1,838
mfa،,289,1,1117
mg,15,1,2261
mg,159,1,2261
mg,667,1,635
mg,658,1,2261
microsoft,860,1,597
microsoft,833,3,640
middle,184,1,336
million,49,1,935
mini,854,1,592
mkhattabyoumcom,183,1,412
model,857,1,967
modern,168,1,629
mohamed,31,1,548
moments,168,1,629
more,184,2,336
most,168,1,629
motion,111,1,686
motion,837,1,826
motive,150,1,15699
ms,623,2,770
music,837,1,826
music،,837,1,826
musk,830,3,707
musk,857,2,967
mxu,845,1,655
myassenyoumcom,183,1,412
m،,842,1,784
m،,19,1,2113
m،,828,1,2113
nataliesetareh،,718,1,799
nature,755,1,724
ne,851,1,714
nearly,49,1,935
neptune,274,1,935
nevada,857,1,967
new,758,1,838
new,184,1,336
news,184,6,336
nile,166,1,878
nile,332,1,574
nile,169,1,763
nile,323,1,611
nile,226,2,713
nile،,166,1,878
nile،,303,1,2056
nile،,6,1,2056
nile،,937,1,2056
no,184,2,336
no,130,1,787
not,184,1,336
notification,184,1,336
notifications,184,3,336
november,355,1,542
now,184,2,336
now,350,1,642
no،,130,1,787
nsfw,856,1,713
nullsoft،,133,1,766
number,814,1,24403
numberemailsupport,184,1,336
nurturey,719,1,759
n،,130,1,787
o,11,1,2032
o,22,1,2032
o,19,2,2113
o,1,1,2032
o,991,1,2032
o,134,23,991
o,972,1,2032
o,973,1,2032
o,962,1,2032
o,963,1,2032
o,933,1,2032
o,989,1,2032
o,948,1,2032
o,828,2,2113
o,949,1,2032
oceans,150,1,15699
odditycentral,703,1,670
oelshafeyyoumcom,183,1,412
of,168,2,629
of,303,1,2056
of,6,1,2056
of,969,1,1389
of,184,5,336
of,937,1,2056
of,175,2,594
on,115,1,613
on,184,5,336
on,839,1,584
one,833,1,640
only,184,1,336
onlymyhealth,650,1,608
onlymyhealth,640,1,889
onlymyhealth,631,1,780
onlymyhealth,632,1,826
onlymyhealth,645,1,768
onlymyhealth,634,1,729
onlymyhealth,646,1,763
onlymyhealth,637,1,650
onlymyhealth,628,1,719
onlymyhealth,130,1,787
onmar,184,1,336
ontime,357,2,935
ontimesports,357,2,935
on،,142,1,1333
open,184,1,336
openai,134,5,991
openai,19,5,2113
openai,835,9,720
openai,825,11,757
openai,828,5,2113
openai،,134,2,991
opinion,184,1,336
oppenheimer,155,2,46560
orgnins,755,1,724
os,841,6,746
other,184,1,336
out,49,1,935
over,184,1,336
overflow،,825,1,757
oyo,274,1,935
o،,134,3,991
pablo,521,1,591
page,184,1,336
palometas,173,1,743
partieslearn,184,1,336
passplay,184,1,336
passsettingssettingsprivacy,184,1,336
paypal,831,1,613
paysanne,758,1,838
pdf,134,1,991
peggy,761,1,703
pencil,854,15,592
pencil,19,2,2113
pencil,828,2,2113
pencil،,854,1,592
people,49,1,935
people,184,3,336
perairebueno,826,2,794
personalize,184,1,336
pes,510,1,754
pfa,1000,1,1320
pfa,877,5,644
pfa,999,1,1328
photos,431,1,6
photos,945,1,6
pictwittercombvhhgluep,355,1,542
pictwittercomcqvhynxpp,31,1,548
pictwittercomfdkoxjhx,357,1,935
pictwittercomfdkoxjhx,362,1,704
pictwittercomgqatdzxei,357,1,935
pictwittercomizhpqhkd,45,1,800
pictwittercomizhpqhkd,39,1,812
pictwittercomowbdtha,173,1,743
pictwittercomrdfdhuwd,364,1,700
pictwittercomrdfdhuwd,357,1,935
pictwittercomrdfdhuwd,362,1,704
pictwittercomsiehuda,49,1,935
pictwittercomvkydxibfy,350,1,642
pictwittercomzytvzcbypq,357,1,935
piece,184,1,336
pinkvilla,122,1,623
piraas,173,2,743
pixel,841,1,746
plan,506,1,388
platform,453,1,374
platform,454,1,370
play,19,1,2113
play,848,1,720
play,184,1,336
play,828,1,2113
playdevelopersgoogle,184,1,336
player,168,1,629
player,831,2,613
player,19,1,2113
player,828,1,2113
players,877,1,644
playgamesappsmoviesbookskidsgooglelogo,184,1,336
playgamesappsmoviesbookskidsnonesearchhelpoutline,184,1,336
playplay,184,1,336
playstation,833,1,640
plenitude,274,1,935
plus,134,1,991
po,851,1,714
podcast،,857,1,967
pointsgift,184,1,336
policy,184,1,336
policyflagflag,184,1,336
policykids,184,1,336
polygon,832,1,613
poor,494,1,885
population,796,1,856
portoalegre,173,1,743
pos,545,1,1088
power,49,1,935
practices,184,1,336
premium,830,3,707
premium,358,1,549
premium,831,1,613
premium,19,1,2113
premium,828,1,2113
premium,351,1,560
premium،,831,1,613
premium،,19,1,2113
premium،,828,1,2113
premium،,131,1,615
presencia,173,1,743
press,184,1,336
prices,184,1,336
privacy,184,1,336
pro,851,15,714
pro,842,2,784
pro,854,7,592
pro,19,4,2113
pro,837,1,826
pro,859,1,680
pro,828,4,2113
pro,131,2,615
project,852,2,584
project,19,1,2113
project,836,1,816
project,828,1,2113
prospects,796,1,856
proteus,19,2,2113
proteus,833,8,640
proteus,828,2,2113
provided,184,1,336
pro،,851,1,714
pro،,854,2,592
psa,303,1,2056
psa,6,1,2056
psa,328,1,570
psa,937,1,2056
ptsd،,249,1,796
ptsd،,558,1,2951
pufa،,642,1,907
pumafootball,350,1,642
qr,397,2,628
qr,408,1,1287
qr,394,1,1373
qrcode,564,1,859
que,173,2,743
quest,19,1,2113
quest,859,11,680
quest,828,1,2113
radical,130,1,787
radionomy,133,1,766
radionomy،,133,1,766
rankings,899,1,739
raw,535,1,684
razer,833,1,640
rchatgpt,825,1,757
reaction,746,1,1240
read,184,1,336
realsimple,716,1,777
reddit,19,1,2113
reddit,856,2,713
reddit,857,1,967
reddit,825,11,757
reddit,828,1,2113
redditors,825,2,757
reddit،,19,1,2113
reddit،,825,2,757
reddit،,828,1,2113
reds,168,2,629
redseafashionweek,717,1,841
region,184,1,336
regionupdated,184,1,336
remote,848,1,720
resultado,173,1,743
review,184,4,336
reviews,184,2,336
reviewshossam,184,1,336
reviewsmdownloadsrated,184,1,336
reviewsratings,184,1,336
reviewswhats,184,1,336
revolution,557,1,1059
revolution,292,1,1049
rfdew,850,2,678
richard,150,1,15699
riograndedosul,173,1,743
riseup,557,1,1059
riseup,292,1,1049
riseup,294,2,657
rockstar,135,2,555
room,521,5,591
room,150,1,15699
room,184,1,336
room،,521,1,591
room،,10,1,2196
ros,173,1,743
rss,36,1,208
rudolf,286,1,982
s,857,1,967
sabeecontains,184,1,336
saeedmorevert,184,1,336
safetyarrowforwardsafety,184,1,336
sage,126,1,781
salahmorevert,184,1,336
salesman,150,1,15699
scc,640,1,889
scienceexchange،,855,1,647
sd,358,2,549
sd,351,2,560
seba,286,1,982
sebi,832,1,613
securities,836,1,816
security,184,1,336
select,131,1,615
seller,150,1,15699
sempa،,286,1,982
send,857,1,967
sergio,173,1,743
series,833,1,640
servicegamesappsmoviesbookskidsاليوم,184,1,336
serviceprivacyabout,184,1,336
share,19,1,2113
share,184,1,336
share,838,2,700
share,828,1,2113
shared,184,1,336
share،,838,1,700
shareمتاحًا,838,1,700
sharingterms,184,1,336
sharingthis,184,1,336
shark,476,1,651
sherdygarden,503,1,336
short,907,1,718
short,908,1,584
short,909,1,578
short,910,1,586
short,911,1,731
short,912,1,780
short,913,1,612
short,914,1,565
short,915,1,646
short,916,1,687
short,917,1,591
short,918,1,615
short,919,1,719
short,920,1,626
short,921,1,763
short,922,1,787
short,923,1,665
short,802,1,758
short,803,1,1086
short,924,1,868
short,804,1,861
short,925,1,581
short,926,1,558
short,927,1,521
short,806,1,970
short,928,1,703
short,929,1,640
short,808,1,631
short,809,1,2150
short,930,1,747
short,811,1,1030
short,812,1,1385
short,813,1,1000
short,935,1,483
short,816,1,1312
short,938,1,653
short,817,1,845
short,818,1,816
short,820,1,925
short,700,1,629
short,822,1,1016
short,701,1,780
short,702,1,657
short,823,1,884
short,824,1,2093
short,703,1,670
short,946,1,686
short,825,1,757
short,826,1,794
short,705,1,765
short,827,1,738
short,706,1,821
short,707,1,964
short,829,1,625
short,708,1,609
short,709,1,824
short,830,1,707
short,710,1,942
short,831,1,613
short,711,1,704
short,832,1,613
short,712,1,750
short,833,1,640
short,834,1,648
short,713,1,615
short,714,1,2914
short,835,1,720
short,836,1,816
short,715,1,597
short,716,1,777
short,837,1,826
short,838,1,700
short,717,1,841
short,718,1,799
short,839,1,584
short,719,1,759
short,960,1,561
short,840,1,725
short,841,1,746
short,720,1,620
short,842,1,784
short,721,1,635
short,600,1,618
short,843,1,770
short,601,1,622
short,722,1,598
short,844,1,713
short,602,1,552
short,723,1,629
short,603,1,472
short,845,1,655
short,724,1,670
short,604,1,596
short,725,1,738
short,846,1,796
short,605,1,545
short,726,1,682
short,847,1,575
short,848,1,720
short,606,1,505
short,727,1,583
short,607,1,535
short,728,1,696
short,849,1,573
short,729,1,704
short,608,1,513
short,609,1,514
short,850,1,678
short,730,1,786
short,851,1,714
short,852,1,584
short,731,1,825
short,610,1,579
short,732,1,713
short,611,1,496
short,853,1,594
short,733,1,3024
short,975,1,781
short,612,1,624
short,854,1,592
short,613,1,468
short,855,1,647
short,735,1,1687
short,856,1,713
short,614,1,549
short,615,1,519
short,736,1,591
short,857,1,967
short,858,1,555
short,859,1,680
short,739,1,1177
short,860,1,597
short,740,1,733
short,741,1,710
short,620,1,612
short,742,1,738
short,621,1,793
short,743,1,706
short,864,1,512
short,622,1,885
short,744,1,612
short,623,1,770
short,865,1,606
short,745,1,718
short,866,1,797
short,624,1,756
short,746,1,1240
short,625,1,624
short,867,1,616
short,747,1,669
short,626,1,865
short,868,1,743
short,869,1,492
short,627,1,706
short,748,1,685
short,628,1,719
short,749,1,639
short,629,1,799
short,990,1,572
short,870,1,586
short,871,1,592
short,750,1,699
short,751,1,670
short,630,1,803
short,872,1,514
short,873,1,743
short,631,1,780
short,994,1,653
short,752,1,582
short,753,1,641
short,874,1,649
short,632,1,826
short,511,1,566
short,633,1,747
short,875,1,523
short,512,1,617
short,754,1,597
short,634,1,729
short,876,1,599
short,755,1,724
short,756,1,613
short,635,1,617
short,877,1,644
short,878,1,722
short,757,1,514
short,636,1,827
short,515,1,593
short,758,1,838
short,637,1,650
short,879,1,594
short,516,1,1101
short,638,1,584
short,517,1,955
short,759,1,576
short,518,1,633
short,639,1,815
short,519,1,661
short,880,1,620
short,760,1,682
short,881,1,710
short,761,1,703
short,882,1,576
short,640,1,889
short,762,1,679
short,883,1,558
short,520,1,662
short,641,1,675
short,763,1,725
short,884,1,532
short,400,1,657
short,642,1,907
short,521,1,591
short,885,1,613
short,643,1,680
short,764,1,828
short,522,1,1062
short,523,1,674
short,644,1,680
short,886,1,695
short,765,1,686
short,402,1,1078
short,645,1,768
short,887,1,540
short,403,1,649
short,524,1,699
short,766,1,788
short,404,1,696
short,888,1,569
short,525,1,590
short,767,1,691
short,646,1,763
short,647,1,706
short,526,1,706
short,405,1,612
short,768,1,875
short,889,1,567
short,527,1,689
short,406,1,837
short,769,1,685
short,648,1,763
short,649,1,728
short,528,1,710
short,407,1,714
short,529,1,651
short,890,1,632
short,891,1,669
short,770,1,794
short,650,1,608
short,771,1,844
short,530,1,750
short,651,1,542
short,531,1,718
short,894,1,661
short,652,1,600
short,895,1,528
short,532,1,670
short,411,1,1247
short,533,1,525
short,412,1,1285
short,534,1,546
short,413,1,680
short,776,1,956
short,655,1,654
short,656,1,557
short,535,1,684
short,898,1,735
short,899,1,739
short,536,1,618
short,415,1,672
short,778,1,1026
short,657,1,608
short,537,1,766
short,416,1,647
short,538,1,721
short,539,1,735
short,780,1,1121
short,660,1,718
short,781,1,1121
short,661,1,519
short,540,1,631
short,783,1,2146
short,541,1,654
short,420,1,672
short,662,1,655
short,300,1,531
short,663,1,622
short,542,1,620
short,421,1,665
short,422,1,728
short,664,1,703
short,543,1,828
short,301,1,545
short,665,1,749
short,302,1,742
short,666,1,541
short,545,1,1088
short,424,1,700
short,787,1,953
short,546,1,1578
short,788,1,1035
short,425,1,733
short,304,1,669
short,667,1,635
short,789,1,720
short,668,1,640
short,669,1,959
short,549,1,939
short,308,1,722
short,309,1,590
short,790,1,793
short,791,1,678
short,670,1,695
short,550,1,1159
short,671,1,577
short,672,1,577
short,551,1,988
short,794,1,2260
short,552,1,1743
short,310,1,533
short,673,1,796
short,311,1,606
short,553,1,845
short,674,1,616
short,675,1,510
short,554,1,1321
short,312,1,725
short,796,1,856
short,313,1,841
short,676,1,568
short,555,1,1175
short,797,1,1024
short,314,1,554
short,677,1,670
short,798,1,790
short,556,1,1011
short,678,1,957
short,315,1,684
short,799,1,1014
short,557,1,1059
short,558,1,2951
short,316,1,511
short,679,1,797
short,559,1,1100
short,317,1,655
short,318,1,558
short,319,1,633
short,680,1,507
short,681,1,1293
short,560,1,895
short,682,1,510
short,561,1,1091
short,683,1,514
short,320,1,506
short,562,1,924
short,563,1,1724
short,321,1,527
short,200,1,566
short,684,1,901
short,322,1,521
short,201,1,583
short,564,1,859
short,685,1,1012
short,686,1,560
short,202,1,637
short,565,1,972
short,323,1,611
short,203,1,744
short,687,1,539
short,324,1,653
short,566,1,975
short,325,1,556
short,688,1,899
short,204,1,926
short,567,1,1039
short,326,1,531
short,689,1,669
short,568,1,963
short,205,1,648
short,569,1,784
short,206,1,657
short,327,1,781
short,207,1,660
short,328,1,570
short,208,1,761
short,329,1,685
short,209,1,621
short,690,1,557
short,570,1,1139
short,691,1,576
short,692,1,528
short,571,1,913
short,572,1,1156
short,693,1,612
short,330,1,619
short,331,1,497
short,573,1,1411
short,694,1,674
short,210,1,620
short,574,1,1188
short,332,1,574
short,211,1,681
short,695,1,843
short,212,1,539
short,696,1,1148
short,575,1,943
short,576,1,1372
short,213,1,641
short,334,1,608
short,577,1,1186
short,214,1,596
short,215,1,654
short,216,1,638
short,338,1,648
short,217,1,663
short,339,1,720
short,218,1,682
short,340,1,677
short,582,1,498
short,583,1,676
short,341,1,655
short,342,1,692
short,584,1,596
short,100,1,683
short,221,1,738
short,585,1,535
short,222,1,546
short,101,1,666
short,343,1,857
short,344,1,714
short,102,1,539
short,223,1,548
short,586,1,551
short,587,1,534
short,345,1,610
short,224,1,638
short,103,1,585
short,104,1,730
short,225,1,763
short,346,1,593
short,588,1,655
short,105,1,550
short,226,1,713
short,347,1,786
short,589,1,575
short,348,1,772
short,227,1,503
short,106,1,620
short,228,1,497
short,107,1,753
short,349,1,584
short,108,1,1061
short,229,1,677
short,109,1,1173
short,590,1,540
short,591,1,561
short,350,1,642
short,592,1,583
short,351,1,560
short,593,1,522
short,594,1,735
short,352,1,736
short,231,1,537
short,110,1,819
short,111,1,686
short,595,1,547
short,353,1,704
short,233,1,459
short,112,1,538
short,596,1,551
short,354,1,764
short,113,1,727
short,234,1,457
short,355,1,542
short,597,1,570
short,235,1,557
short,598,1,559
short,114,1,699
short,356,1,853
short,236,1,502
short,357,1,935
short,115,1,613
short,599,1,603
short,358,1,549
short,237,1,536
short,116,1,585
short,117,1,472
short,359,1,603
short,238,1,574
short,239,1,513
short,118,1,565
short,119,1,841
short,360,1,593
short,361,1,631
short,240,1,615
short,120,1,620
short,362,1,704
short,241,1,635
short,121,1,548
short,242,1,631
short,363,1,617
short,243,1,521
short,122,1,623
short,364,1,700
short,244,1,685
short,123,1,713
short,245,1,533
short,124,1,620
short,246,1,751
short,125,1,611
short,247,1,650
short,126,1,781
short,368,1,620
short,248,1,752
short,127,1,670
short,369,1,1299
short,128,1,678
short,249,1,796
short,129,1,706
short,23,1,483
short,24,1,686
short,25,1,561
short,26,1,781
short,27,1,572
short,28,1,701
short,29,1,724
short,370,1,678
short,250,1,747
short,371,1,621
short,130,1,787
short,251,1,529
short,131,1,615
short,373,1,601
short,252,1,583
short,253,1,731
short,132,1,836
short,254,1,695
short,133,1,766
short,376,1,523
short,255,1,558
short,134,1,991
short,135,1,555
short,377,1,578
short,256,1,681
short,136,1,673
short,378,1,687
short,257,1,661
short,258,1,661
short,137,1,811
short,379,1,645
short,138,1,541
short,259,1,635
short,139,1,541
short,30,1,827
short,31,1,548
short,32,1,609
short,33,1,513
short,34,1,564
short,35,1,591
short,37,1,611
short,38,1,747
short,39,1,812
short,380,1,724
short,260,1,641
short,261,1,674
short,140,1,980
short,382,1,662
short,262,1,465
short,263,1,452
short,384,1,564
short,264,1,503
short,385,1,662
short,265,1,509
short,387,1,675
short,146,1,1166
short,388,1,649
short,147,1,1040
short,389,1,686
short,269,1,1047
short,149,1,1255
short,40,1,618
short,41,1,461
short,42,1,874
short,43,1,544
short,44,1,643
short,45,1,800
short,46,1,699
short,47,1,741
short,48,1,493
short,49,1,935
short,392,1,574
short,271,1,626
short,272,1,661
short,273,1,682
short,395,1,539
short,274,1,935
short,153,1,982
short,154,1,1277
short,396,1,705
short,275,1,977
short,276,1,1233
short,397,1,628
short,277,1,672
short,398,1,952
short,278,1,760
short,399,1,606
short,157,1,843
short,158,1,718
short,279,1,481
short,50,1,1164
short,51,1,622
short,52,1,1154
short,53,1,1300
short,54,1,979
short,55,1,1081
short,56,1,967
short,57,1,574
short,58,1,564
short,59,1,587
short,280,1,556
short,160,1,519
short,281,1,1356
short,282,1,659
short,161,1,608
short,162,1,655
short,283,1,585
short,284,1,517
short,163,1,557
short,285,1,564
short,164,1,678
short,165,1,764
short,286,1,982
short,287,1,539
short,166,1,878
short,167,1,788
short,288,1,728
short,168,1,629
short,289,1,1117
short,169,1,763
short,60,1,911
short,61,1,640
short,62,1,575
short,63,1,489
short,64,1,598
short,65,1,639
short,66,1,560
short,67,1,616
short,68,1,495
short,69,1,596
short,290,1,780
short,291,1,562
short,170,1,984
short,171,1,843
short,292,1,1049
short,293,1,558
short,172,1,625
short,294,1,657
short,173,1,743
short,174,1,764
short,295,1,830
short,175,1,594
short,296,1,545
short,176,1,767
short,297,1,579
short,177,1,1909
short,298,1,682
short,299,1,527
short,178,1,568
short,179,1,636
short,70,1,600
short,71,1,796
short,72,1,590
short,73,1,542
short,74,1,768
short,75,1,782
short,76,1,582
short,77,1,619
short,78,1,596
short,79,1,751
short,180,1,559
short,181,1,647
short,182,1,637
short,188,1,686
short,189,1,1013
short,80,1,649
short,81,1,665
short,82,1,626
short,83,1,711
short,84,1,1003
short,85,1,524
short,86,1,638
short,87,1,719
short,88,1,518
short,89,1,627
short,190,1,635
short,191,1,721
short,192,1,542
short,193,1,596
short,194,1,664
short,195,1,555
short,196,1,694
short,197,1,539
short,198,1,635
short,199,1,879
short,90,1,719
short,91,1,599
short,92,1,735
short,93,1,487
short,94,1,703
short,95,1,516
short,96,1,672
short,97,1,823
short,98,1,881
short,99,1,719
short,900,1,543
short,901,1,625
short,902,1,560
short,903,1,606
short,904,1,618
short,905,1,593
short,906,1,532
shot,746,1,1240
siemens,286,3,982
sign,184,1,336
site,184,1,336
social,521,1,591
some,168,1,629
sora,19,1,2113
sora,835,4,720
sora,828,1,2113
sothebys,758,1,838
soyuzb,232,1,2109
soyuzb,234,2,457
soyuzb,4,1,2109
spacemobile,840,1,725
spacex,840,2,725
spacex,19,1,2113
spacex,857,1,967
spacex,828,1,2113
space،,853,1,594
space،,847,1,575
sparsecore,845,1,655
speak،,131,1,615
special,168,1,629
speech،,837,1,826
spell,168,1,629
spf,640,2,889
sport,792,1,17268
sports,364,1,700
sports,355,1,542
sports,357,4,935
sports,358,2,549
sports,351,2,560
sports,362,2,704
spotify,831,6,613
spotify,19,3,2113
spotify,828,3,2113
spring,134,2,991
spring,19,1,2113
spring,828,1,2113
squid,453,1,374
squid,454,1,370
ssc,341,1,655
ssc,165,1,764
ssc,45,2,800
ssc,358,3,549
ssc,39,2,812
ssc,351,3,560
sscsports,45,1,800
sscsports,39,1,812
stack,825,1,757
stage,521,1,591
stanford,128,1,678
starlink,840,1,725
starts,184,1,336
state,155,1,46560
storeall,184,1,336
storm,49,1,935
sts,19,1,2113
sts,847,1,575
sts,828,1,2113
stylecraze,730,1,786
stylecraze,712,1,750
subreddit,825,1,757
subscriptionsreviewsmy,184,1,336
sudancrisis,568,1,963
sudanwar,568,1,963
suez,286,1,982
sulzer،,286,1,982
summer,168,2,629
summit,557,1,1059
summit,292,1,1049
supercharger,19,1,2113
supercharger,827,2,738
supercharger,828,1,2113
supportexpandmorepublicwebsitephonephone,184,1,336
survival,839,1,584
sv,832,1,613
sva,104,1,730
swam،,286,1,982
sway,511,4,566
sway,10,2,2196
sweillam،,286,1,982
synergy,535,1,684
tait,766,1,788
take,184,2,336
takes,184,1,336
taketwo,135,1,555
taketwo,19,1,2113
taketwo,828,1,2113
taketwo،,135,1,555
taptic,837,1,826
tatrzanska,662,3,655
tatrzanska,162,3,655
teams,844,2,713
techcrunch،,19,1,2113
techcrunch،,828,1,2113
techcrunch،,829,1,625
technical,184,1,336
technologies،,286,1,982
tensor,19,2,2113
tensor,845,3,655
tensor,828,2,2113
terms,184,1,336
tesla,857,3,967
tesla,827,1,738
tesla،,19,1,2113
tesla،,827,2,738
tesla،,828,1,2113
than,184,1,336
thank,168,2,629
thank,31,1,548
the,150,4,15699
the,184,12,336
the,350,1,642
the,155,1,46560
the,453,2,374
the,376,1,523
the,168,4,629
the,454,2,370
the,249,1,796
the,558,1,2951
the,877,1,644
the,899,1,739
the,856,1,713
theft,22,1,2032
theft,11,1,2032
theft,19,2,2113
theft,991,1,2032
theft,1,1,2032
theft,135,5,555
theft,972,1,2032
theft,962,1,2032
theft,973,1,2032
theft,963,1,2032
theft,933,1,2032
theft,989,1,2032
theft,948,1,2032
theft,828,2,2113
theft,949,1,2032
their,877,1,644
them,184,1,336
themanslife,723,1,629
there,184,2,336
these,184,1,336
thespurce,710,1,942
thiago,168,2,629
things,494,1,885
third,184,1,336
this,168,2,629
this,184,10,336
those,184,1,336
thunderbolt,19,1,2113
thunderbolt,838,7,700
thunderbolt,828,1,2113
thunderbolt،,838,1,700
thursday,49,1,935
tiktok,836,3,816
tiktok,829,4,625
tiles,841,1,746
till,184,1,336
time,155,1,46560
time,168,1,629
timeno,184,1,336
timesofindia,711,1,704
tmg،,286,2,982
tmobile,840,2,725
tmz,709,1,824
to,168,3,629
to,49,1,935
to,184,9,336
to,131,1,615
today،,851,1,714
today،,841,1,746
today،,844,1,713
top,521,1,591
tornadowarned,49,1,935
touch,837,1,826
tpu,19,1,2113
tpu,845,3,655
tpu,828,1,2113
tpu،,845,1,655
tracking،,837,1,826
treehugger,731,1,825
trending,1,1,2032
trending,3,1,2183
trending,4,1,2109
trending,5,1,2042
trending,6,1,2056
trending,7,1,2043
trending,802,1,758
trending,803,1,1086
trending,804,1,861
trending,806,1,970
trending,808,1,631
trending,809,1,2150
trending,1000,1,1320
trending,811,1,1030
trending,812,1,1385
trending,813,1,1000
trending,816,1,1312
trending,817,1,845
trending,818,1,816
trending,820,1,925
trending,822,1,1016
trending,823,1,884
trending,824,1,2093
trending,825,1,757
trending,826,1,794
trending,827,1,738
trending,828,1,2113
trending,829,1,625
trending,830,1,707
trending,831,1,613
trending,832,1,613
trending,833,1,640
trending,834,1,648
trending,835,1,720
trending,836,1,816
trending,837,1,826
trending,838,1,700
trending,839,1,584
trending,840,1,725
trending,841,1,746
trending,842,1,784
trending,600,1,618
trending,843,1,770
trending,601,1,622
trending,844,1,713
trending,602,1,552
trending,845,1,655
trending,603,1,472
trending,604,1,596
trending,846,1,796
trending,605,1,545
trending,847,1,575
trending,848,1,720
trending,606,1,505
trending,607,1,535
trending,849,1,573
trending,608,1,513
trending,609,1,514
trending,850,1,678
trending,851,1,714
trending,610,1,579
trending,852,1,584
trending,611,1,496
trending,853,1,594
trending,854,1,592
trending,612,1,624
trending,855,1,647
trending,613,1,468
trending,856,1,713
trending,614,1,549
trending,615,1,519
trending,857,1,967
trending,858,1,555
trending,616,1,2032
trending,859,1,680
trending,617,1,2086
trending,618,1,2086
trending,619,1,2086
trending,860,1,597
trending,861,1,2086
trending,862,1,2086
trending,620,1,612
trending,621,1,793
trending,863,1,2086
trending,622,1,885
trending,864,1,512
trending,623,1,770
trending,865,1,606
trending,624,1,756
trending,866,1,797
trending,625,1,624
trending,867,1,616
trending,626,1,865
trending,868,1,743
trending,627,1,706
trending,869,1,492
trending,628,1,719
trending,629,1,799
trending,870,1,586
trending,871,1,592
trending,630,1,803
trending,872,1,514
trending,873,1,743
trending,631,1,780
trending,874,1,649
trending,632,1,826
trending,633,1,747
trending,875,1,523
trending,634,1,729
trending,876,1,599
trending,877,1,644
trending,635,1,617
trending,636,1,827
trending,878,1,722
trending,637,1,650
trending,879,1,594
trending,638,1,584
trending,639,1,815
trending,880,1,620
trending,881,1,710
trending,640,1,889
trending,882,1,576
trending,641,1,675
trending,883,1,558
trending,400,1,657
trending,642,1,907
trending,884,1,532
trending,643,1,680
trending,885,1,613
trending,401,1,1422
trending,886,1,695
trending,644,1,680
trending,402,1,1078
trending,645,1,768
trending,887,1,540
trending,403,1,649
trending,646,1,763
trending,404,1,696
trending,888,1,569
trending,647,1,706
trending,889,1,567
trending,405,1,612
trending,648,1,763
trending,406,1,837
trending,407,1,714
trending,649,1,728
trending,408,1,1287
trending,409,1,1020
trending,890,1,632
trending,891,1,669
trending,892,1,2086
trending,650,1,608
trending,893,1,2141
trending,651,1,542
trending,652,1,600
trending,894,1,661
trending,410,1,1018
trending,411,1,1247
trending,895,1,528
trending,653,1,2086
trending,412,1,1285
trending,654,1,2086
trending,896,1,2086
trending,655,1,654
trending,413,1,680
trending,897,1,2086
trending,898,1,735
trending,656,1,557
trending,414,1,1348
trending,899,1,739
trending,657,1,608
trending,415,1,672
trending,658,1,2261
trending,416,1,647
trending,417,1,1020
trending,659,1,2086
trending,418,1,1007
trending,419,1,1150
trending,660,1,718
trending,661,1,519
trending,662,1,655
trending,420,1,672
trending,421,1,665
trending,663,1,622
trending,664,1,703
trending,422,1,728
trending,665,1,749
trending,423,1,1370
trending,666,1,541
trending,424,1,700
trending,425,1,733
trending,667,1,635
trending,668,1,640
trending,669,1,959
trending,670,1,695
trending,671,1,577
trending,672,1,577
trending,673,1,796
trending,674,1,616
trending,675,1,510
trending,676,1,568
trending,677,1,670
trending,678,1,957
trending,679,1,797
trending,680,1,507
trending,681,1,1293
trending,682,1,510
trending,683,1,514
trending,200,1,566
trending,684,1,901
trending,201,1,583
trending,685,1,1012
trending,202,1,637
trending,686,1,560
trending,203,1,744
trending,687,1,539
trending,688,1,899
trending,204,1,926
trending,446,1,2086
trending,689,1,669
trending,205,1,648
trending,206,1,657
trending,207,1,660
trending,208,1,761
trending,209,1,621
trending,690,1,557
trending,691,1,576
trending,692,1,528
trending,693,1,612
trending,694,1,674
trending,210,1,620
trending,211,1,681
trending,695,1,843
trending,212,1,539
trending,696,1,1148
trending,697,1,2086
trending,455,1,2086
trending,213,1,641
trending,214,1,596
trending,456,1,2086
trending,698,1,2086
trending,215,1,654
trending,699,1,2086
trending,216,1,638
trending,217,1,663
trending,218,1,682
trending,219,1,2086
trending,220,1,2086
trending,221,1,738
trending,222,1,546
trending,223,1,548
trending,224,1,638
trending,225,1,763
trending,226,1,713
trending,227,1,503
trending,228,1,497
trending,229,1,677
trending,471,1,2086
trending,230,1,2086
trending,231,1,537
trending,232,1,2109
trending,233,1,459
trending,234,1,457
trending,235,1,557
trending,236,1,502
trending,237,1,536
trending,238,1,574
trending,239,1,513
trending,240,1,615
trending,241,1,635
trending,242,1,631
trending,243,1,521
trending,244,1,685
trending,486,1,2086
trending,245,1,533
trending,246,1,751
trending,247,1,650
trending,248,1,752
trending,249,1,796
trending,250,1,747
trending,251,1,529
trending,252,1,583
trending,253,1,731
trending,254,1,695
trending,255,1,558
trending,256,1,681
trending,257,1,661
trending,258,1,661
trending,259,1,635
trending,260,1,641
trending,261,1,674
trending,262,1,465
trending,263,1,452
trending,264,1,503
trending,265,1,509
trending,266,1,2086
trending,267,1,2086
trending,268,1,2086
trending,269,1,1047
trending,270,1,2042
trending,271,1,626
trending,272,1,661
trending,273,1,682
trending,274,1,935
trending,275,1,977
trending,276,1,1233
trending,277,1,672
trending,278,1,760
trending,279,1,481
trending,280,1,556
trending,281,1,1356
trending,282,1,659
trending,283,1,585
trending,284,1,517
trending,285,1,564
trending,286,1,982
trending,287,1,539
trending,288,1,728
trending,289,1,1117
trending,290,1,780
trending,291,1,562
trending,292,1,1049
trending,293,1,558
trending,294,1,657
trending,295,1,830
trending,296,1,545
trending,297,1,579
trending,298,1,682
trending,299,1,527
trending,900,1,543
trending,901,1,625
trending,902,1,560
trending,903,1,606
trending,904,1,618
trending,905,1,593
trending,906,1,532
trending,907,1,718
trending,908,1,584
trending,909,1,578
trending,910,1,586
trending,911,1,731
trending,912,1,780
trending,913,1,612
trending,914,1,565
trending,915,1,646
trending,916,1,687
trending,917,1,591
trending,918,1,615
trending,919,1,719
trending,920,1,626
trending,921,1,763
trending,922,1,787
trending,923,1,665
trending,924,1,868
trending,925,1,581
trending,926,1,558
trending,927,1,521
trending,928,1,703
trending,929,1,640
trending,930,1,747
trending,931,1,2086
trending,932,1,2086
trending,933,1,2032
trending,934,1,2086
trending,935,1,483
trending,937,1,2056
trending,938,1,653
trending,939,1,1338
trending,941,1,1349
trending,700,1,629
trending,942,1,1384
trending,701,1,780
trending,943,1,1287
trending,702,1,657
trending,944,1,2086
trending,703,1,670
trending,704,1,2043
trending,946,1,686
trending,705,1,765
trending,947,1,2086
trending,706,1,821
trending,948,1,2032
trending,949,1,2032
trending,707,1,964
trending,708,1,609
trending,709,1,824
trending,950,1,1369
trending,951,1,1385
trending,710,1,942
trending,952,1,1377
trending,711,1,704
trending,953,1,1383
trending,712,1,750
trending,954,1,1383
trending,713,1,615
trending,955,1,1365
trending,714,1,2914
trending,956,1,1383
trending,715,1,597
trending,957,1,1383
trending,716,1,777
trending,958,1,1367
trending,717,1,841
trending,959,1,1375
trending,718,1,799
trending,719,1,759
trending,960,1,561
trending,961,1,1385
trending,962,1,2032
trending,720,1,620
trending,721,1,635
trending,963,1,2032
trending,722,1,598
trending,723,1,629
trending,965,1,1342
trending,724,1,670
trending,966,1,1375
trending,725,1,738
trending,967,1,1384
trending,726,1,682
trending,968,1,652
trending,727,1,583
trending,969,1,1389
trending,728,1,696
trending,729,1,704
trending,970,1,1393
trending,971,1,1380
trending,730,1,786
trending,972,1,2032
trending,731,1,825
trending,973,1,2032
trending,732,1,713
trending,974,1,1341
trending,975,1,781
trending,733,1,3024
trending,734,1,2086
trending,976,1,1369
trending,735,1,1687
trending,977,1,1349
trending,736,1,591
trending,978,1,2043
trending,737,1,2086
trending,738,1,2086
trending,739,1,1177
trending,980,1,1367
trending,981,1,1316
trending,740,1,733
trending,982,1,1362
trending,983,1,727
trending,741,1,710
trending,742,1,738
trending,984,1,1342
trending,743,1,706
trending,985,1,1362
trending,744,1,612
trending,986,1,1345
trending,745,1,718
trending,987,1,1374
trending,746,1,1240
trending,988,1,1331
trending,747,1,669
trending,989,1,2032
trending,748,1,685
trending,749,1,639
trending,990,1,572
trending,991,1,2032
trending,750,1,699
trending,992,1,679
trending,751,1,670
trending,993,1,688
trending,752,1,582
trending,994,1,653
trending,511,1,566
trending,753,1,641
trending,754,1,597
trending,512,1,617
trending,996,1,1347
trending,755,1,724
trending,997,1,1374
trending,513,1,2207
trending,756,1,613
trending,514,1,2156
trending,998,1,1335
trending,757,1,514
trending,515,1,593
trending,999,1,1328
trending,758,1,838
trending,516,1,1101
trending,759,1,576
trending,517,1,955
trending,518,1,633
trending,519,1,661
trending,760,1,682
trending,761,1,703
trending,520,1,662
trending,762,1,679
trending,763,1,725
trending,521,1,591
trending,764,1,828
trending,522,1,1062
trending,765,1,686
trending,523,1,674
trending,524,1,699
trending,766,1,788
trending,767,1,691
trending,525,1,590
trending,526,1,706
trending,768,1,875
trending,769,1,685
trending,527,1,689
trending,528,1,710
trending,529,1,651
trending,770,1,794
trending,771,1,844
trending,530,1,750
trending,772,1,2086
trending,531,1,718
trending,773,1,2086
trending,532,1,670
trending,533,1,525
trending,775,1,2086
trending,534,1,546
trending,776,1,956
trending,535,1,684
trending,536,1,618
trending,778,1,1026
trending,537,1,766
trending,538,1,721
trending,539,1,735
trending,780,1,1121
trending,781,1,1121
trending,540,1,631
trending,783,1,2146
trending,541,1,654
trending,542,1,620
trending,300,1,531
trending,543,1,828
trending,301,1,545
trending,302,1,742
trending,544,1,2086
trending,303,1,2056
trending,545,1,1088
trending,787,1,953
trending,304,1,669
trending,546,1,1578
trending,788,1,1035
trending,789,1,720
trending,547,1,2086
trending,305,1,2086
trending,548,1,2086
trending,306,1,2086
trending,307,1,2086
trending,549,1,939
trending,308,1,722
trending,309,1,590
trending,790,1,793
trending,791,1,678
trending,550,1,1159
trending,551,1,988
trending,310,1,533
trending,794,1,2260
trending,552,1,1743
trending,553,1,845
trending,311,1,606
trending,312,1,725
trending,554,1,1321
trending,796,1,856
trending,313,1,841
trending,555,1,1175
trending,797,1,1024
trending,798,1,790
trending,314,1,554
trending,556,1,1011
trending,315,1,684
trending,799,1,1014
trending,557,1,1059
trending,316,1,511
trending,558,1,2951
trending,317,1,655
trending,559,1,1100
trending,318,1,558
trending,319,1,633
trending,560,1,895
trending,561,1,1091
trending,562,1,924
trending,320,1,506
trending,321,1,527
trending,563,1,1724
trending,564,1,859
trending,322,1,521
trending,323,1,611
trending,565,1,972
trending,324,1,653
trending,566,1,975
trending,325,1,556
trending,567,1,1039
trending,326,1,531
trending,568,1,963
trending,327,1,781
trending,569,1,784
trending,328,1,570
trending,329,1,685
trending,570,1,1139
trending,571,1,913
trending,330,1,619
trending,572,1,1156
trending,331,1,497
trending,573,1,1411
trending,332,1,574
trending,574,1,1188
trending,333,1,2043
trending,575,1,943
trending,334,1,608
trending,576,1,1372
trending,335,1,2086
trending,577,1,1186
trending,578,1,2086
trending,336,1,2086
trending,579,1,2069
trending,337,1,2086
trending,338,1,648
trending,339,1,720
trending,580,1,2086
trending,581,1,2086
trending,340,1,677
trending,582,1,498
trending,583,1,676
trending,341,1,655
trending,100,1,683
trending,342,1,692
trending,584,1,596
trending,101,1,666
trending,585,1,535
trending,343,1,857
trending,344,1,714
trending,102,1,539
trending,586,1,551
trending,587,1,534
trending,103,1,585
trending,345,1,610
trending,104,1,730
trending,588,1,655
trending,346,1,593
trending,347,1,786
trending,105,1,550
trending,589,1,575
trending,106,1,620
trending,348,1,772
trending,107,1,753
trending,349,1,584
trending,108,1,1061
trending,109,1,1173
trending,590,1,540
trending,591,1,561
trending,592,1,583
trending,350,1,642
trending,593,1,522
trending,351,1,560
trending,110,1,819
trending,594,1,735
trending,352,1,736
trending,353,1,704
trending,111,1,686
trending,595,1,547
trending,354,1,764
trending,112,1,538
trending,596,1,551
trending,113,1,727
trending,355,1,542
trending,597,1,570
trending,114,1,699
trending,356,1,853
trending,598,1,559
trending,357,1,935
trending,599,1,603
trending,115,1,613
trending,358,1,549
trending,116,1,585
trending,117,1,472
trending,359,1,603
trending,118,1,565
trending,119,1,841
trending,10,1,2196
trending,11,1,2032
trending,12,1,2942
trending,13,1,2069
trending,14,1,2032
trending,15,1,2261
trending,16,1,2043
trending,17,1,2146
trending,19,1,2113
trending,360,1,593
trending,361,1,631
trending,362,1,704
trending,120,1,620
trending,121,1,548
trending,363,1,617
trending,364,1,700
trending,122,1,623
trending,123,1,713
trending,365,1,2086
trending,366,1,2086
trending,124,1,620
trending,367,1,2086
trending,125,1,611
trending,126,1,781
trending,368,1,620
trending,127,1,670
trending,369,1,1299
trending,128,1,678
trending,129,1,706
trending,20,1,2155
trending,21,1,2141
trending,22,1,2032
trending,23,1,483
trending,24,1,686
trending,25,1,561
trending,26,1,781
trending,27,1,572
trending,28,1,701
trending,29,1,724
trending,370,1,678
trending,371,1,621
trending,130,1,787
trending,373,1,601
trending,131,1,615
trending,132,1,836
trending,374,1,1294
trending,133,1,766
trending,375,1,1394
trending,376,1,523
trending,134,1,991
trending,135,1,555
trending,377,1,578
trending,378,1,687
trending,136,1,673
trending,137,1,811
trending,379,1,645
trending,138,1,541
trending,139,1,541
trending,30,1,827
trending,31,1,548
trending,32,1,609
trending,33,1,513
trending,34,1,564
trending,35,1,591
trending,37,1,611
trending,38,1,747
trending,39,1,812
trending,380,1,724
trending,381,1,1095
trending,140,1,980
trending,382,1,662
trending,141,1,1364
trending,383,1,1406
trending,384,1,564
trending,142,1,1333
trending,385,1,662
trending,143,1,1487
trending,144,1,1497
trending,386,1,1427
trending,387,1,675
trending,145,1,1386
trending,388,1,649
trending,146,1,1166
trending,389,1,686
trending,147,1,1040
trending,149,1,1255
trending,40,1,618
trending,41,1,461
trending,42,1,874
trending,43,1,544
trending,44,1,643
trending,45,1,800
trending,46,1,699
trending,47,1,741
trending,48,1,493
trending,49,1,935
trending,390,1,1455
trending,391,1,1399
trending,392,1,574
trending,393,1,1397
trending,394,1,1373
trending,395,1,539
trending,153,1,982
trending,396,1,705
trending,154,1,1277
trending,397,1,628
trending,398,1,952
trending,399,1,606
trending,157,1,843
trending,158,1,718
trending,159,1,2261
trending,50,1,1164
trending,51,1,622
trending,52,1,1154
trending,53,1,1300
trending,54,1,979
trending,55,1,1081
trending,56,1,967
trending,57,1,574
trending,58,1,564
trending,59,1,587
trending,160,1,519
trending,161,1,608
trending,162,1,655
trending,163,1,557
trending,164,1,678
trending,165,1,764
trending,166,1,878
trending,167,1,788
trending,168,1,629
trending,169,1,763
trending,60,1,911
trending,61,1,640
trending,62,1,575
trending,63,1,489
trending,64,1,598
trending,65,1,639
trending,66,1,560
trending,67,1,616
trending,68,1,495
trending,69,1,596
trending,170,1,984
trending,171,1,843
trending,172,1,625
trending,173,1,743
trending,174,1,764
trending,175,1,594
trending,176,1,767
trending,177,1,1909
trending,178,1,568
trending,179,1,636
trending,70,1,600
trending,71,1,796
trending,72,1,590
trending,73,1,542
trending,74,1,768
trending,75,1,782
trending,76,1,582
trending,77,1,619
trending,78,1,596
trending,79,1,751
trending,180,1,559
trending,181,1,647
trending,182,1,637
trending,186,1,2086
trending,187,1,2065
trending,188,1,686
trending,189,1,1013
trending,80,1,649
trending,81,1,665
trending,82,1,626
trending,83,1,711
trending,84,1,1003
trending,85,1,524
trending,86,1,638
trending,87,1,719
trending,88,1,518
trending,89,1,627
trending,190,1,635
trending,191,1,721
trending,192,1,542
trending,193,1,596
trending,194,1,664
trending,195,1,555
trending,196,1,694
trending,197,1,539
trending,198,1,635
trending,199,1,879
trending,90,1,719
trending,91,1,599
trending,92,1,735
trending,93,1,487
trending,94,1,703
trending,95,1,516
trending,96,1,672
trending,97,1,823
trending,98,1,881
trending,99,1,719
trillium,845,7,655
trillium،,19,1,2113
trillium،,845,2,655
trillium،,828,1,2113
tripadvisor,276,1,1233
tripadvisor,936,1,2206
tripadvisor،,276,1,1233
truly,168,1,629
truly,350,2,642
tte,758,1,838
turbosan،,286,1,982
twitch,829,1,625
twitter,19,1,2113
twitter,857,1,967
twitter,828,1,2113
twittercom,830,1,707
typespersonal,184,1,336
umwelttechnik,286,1,982
understanding,184,1,336
unep،,274,1,935
unidoitpo,281,1,1356
university,899,1,739
update,184,2,336
updates,134,1,991
updates,19,1,2113
updates,828,1,2113
update،,134,1,991
upon,168,1,629
url,907,1,718
url,908,1,584
url,909,1,578
url,910,1,586
url,911,1,731
url,912,1,780
url,913,1,612
url,914,1,565
url,915,1,646
url,916,1,687
url,917,1,591
url,918,1,615
url,919,1,719
url,920,1,626
url,921,1,763
url,922,1,787
url,802,1,758
url,923,1,665
url,803,1,1086
url,924,1,868
url,804,1,861
url,925,1,581
url,926,1,558
url,806,1,970
url,927,1,521
url,928,1,703
url,929,1,640
url,808,1,631
url,809,1,2150
url,930,1,747
url,811,1,1030
url,812,1,1385
url,813,1,1000
url,935,1,483
url,816,1,1312
url,938,1,653
url,817,1,845
url,818,1,816
url,820,1,925
url,700,1,629
url,822,1,1016
url,701,1,780
url,823,1,884
url,702,1,657
url,703,1,670
url,824,1,2093
url,946,1,686
url,825,1,757
url,826,1,794
url,705,1,765
url,706,1,821
url,827,1,738
url,707,1,964
url,829,1,625
url,708,1,609
url,709,1,824
url,830,3,707
url,710,1,942
url,831,1,613
url,832,1,613
url,711,1,704
url,833,1,640
url,712,1,750
url,713,1,615
url,834,1,648
url,714,1,2914
url,835,1,720
url,836,1,816
url,715,1,597
url,837,1,826
url,716,1,777
url,717,1,841
url,838,1,700
url,839,1,584
url,718,1,799
url,719,1,759
url,960,1,561
url,840,1,725
url,720,1,620
url,841,1,746
url,721,1,635
url,600,1,618
url,842,1,784
url,843,1,770
url,601,1,622
url,722,1,598
url,723,1,629
url,602,1,552
url,844,1,713
url,845,1,655
url,724,1,670
url,603,1,472
url,604,1,596
url,846,1,796
url,725,1,738
url,726,1,682
url,605,1,545
url,847,1,575
url,606,1,505
url,727,1,583
url,848,1,720
url,728,1,696
url,607,1,535
url,849,1,573
url,608,1,513
url,729,1,704
url,609,1,514
url,850,1,678
url,851,1,714
url,730,1,786
url,852,1,584
url,731,1,825
url,610,1,579
url,611,1,496
url,853,1,594
url,732,1,713
url,612,1,624
url,733,1,3024
url,854,1,592
url,975,1,781
url,855,1,647
url,613,1,468
url,614,1,549
url,735,1,1687
url,856,1,713
url,736,1,591
url,857,1,967
url,615,1,519
url,858,1,555
url,859,1,680
url,739,1,1177
url,860,1,597
url,740,1,733
url,620,1,612
url,741,1,710
url,621,1,793
url,742,1,738
url,622,1,885
url,864,1,512
url,743,1,706
url,744,1,612
url,623,1,770
url,865,1,606
url,624,1,756
url,866,1,797
url,745,1,718
url,746,1,1240
url,625,1,624
url,867,1,616
url,747,1,669
url,868,1,743
url,626,1,865
url,627,1,706
url,748,1,685
url,869,1,492
url,749,1,639
url,628,1,719
url,629,1,799
url,990,1,572
url,870,1,586
url,750,1,699
url,871,1,592
url,872,1,514
url,630,1,803
url,751,1,670
url,994,1,653
url,752,1,582
url,631,1,780
url,873,1,743
url,753,1,641
url,874,1,649
url,632,1,826
url,511,1,566
url,754,1,597
url,512,1,617
url,875,1,523
url,633,1,747
url,876,1,599
url,755,1,724
url,634,1,729
url,635,1,617
url,756,1,613
url,877,1,644
url,636,1,827
url,757,1,514
url,515,1,593
url,878,1,722
url,637,1,650
url,879,1,594
url,516,1,1101
url,758,1,838
url,638,1,584
url,517,1,955
url,759,1,576
url,518,1,633
url,639,1,815
url,519,1,661
url,880,1,620
url,760,1,682
url,881,1,710
url,640,1,889
url,882,1,576
url,761,1,703
url,641,1,675
url,520,1,662
url,883,1,558
url,762,1,679
url,400,1,657
url,642,1,907
url,884,1,532
url,521,1,591
url,763,1,725
url,885,1,613
url,522,1,1062
url,643,1,680
url,764,1,828
url,402,1,1078
url,886,1,695
url,765,1,686
url,644,1,680
url,523,1,674
url,403,1,649
url,524,1,699
url,766,1,788
url,887,1,540
url,645,1,768
url,525,1,590
url,767,1,691
url,646,1,763
url,888,1,569
url,404,1,696
url,405,1,612
url,768,1,875
url,889,1,567
url,647,1,706
url,526,1,706
url,769,1,685
url,648,1,763
url,527,1,689
url,406,1,837
url,407,1,714
url,649,1,728
url,528,1,710
url,529,1,651
url,890,1,632
url,891,1,669
url,770,1,794
url,650,1,608
url,771,1,844
url,651,1,542
url,530,1,750
url,894,1,661
url,652,1,600
url,531,1,718
url,532,1,670
url,411,1,1247
url,895,1,528
url,412,1,1285
url,533,1,525
url,413,1,680
url,776,1,956
url,534,1,546
url,655,1,654
url,535,1,684
url,898,1,735
url,656,1,557
url,536,1,618
url,415,1,672
url,778,1,1026
url,657,1,608
url,899,1,739
url,416,1,647
url,537,1,766
url,538,1,721
url,539,1,735
url,780,1,1121
url,781,1,1121
url,660,1,718
url,540,1,631
url,661,1,519
url,420,1,672
url,541,1,654
url,662,1,655
url,783,1,2146
url,663,1,622
url,542,1,620
url,300,1,531
url,421,1,665
url,422,1,728
url,664,1,703
url,543,1,828
url,301,1,545
url,302,1,742
url,665,1,749
url,424,1,700
url,787,1,953
url,545,1,1088
url,666,1,541
url,546,1,1578
url,788,1,1035
url,304,1,669
url,425,1,733
url,667,1,635
url,668,1,640
url,789,1,720
url,669,1,959
url,549,1,939
url,308,1,722
url,309,1,590
url,790,1,793
url,670,1,695
url,791,1,678
url,550,1,1159
url,671,1,577
url,551,1,988
url,672,1,577
url,673,1,796
url,552,1,1743
url,310,1,533
url,794,1,2260
url,311,1,606
url,553,1,845
url,674,1,616
url,796,1,856
url,554,1,1321
url,312,1,725
url,675,1,510
url,555,1,1175
url,797,1,1024
url,676,1,568
url,313,1,841
url,556,1,1011
url,677,1,670
url,798,1,790
url,314,1,554
url,557,1,1059
url,799,1,1014
url,315,1,684
url,678,1,957
url,679,1,797
url,316,1,511
url,558,1,2951
url,559,1,1100
url,317,1,655
url,318,1,558
url,319,1,633
url,680,1,507
url,681,1,1293
url,560,1,895
url,561,1,1091
url,682,1,510
url,562,1,924
url,320,1,506
url,683,1,514
url,684,1,901
url,563,1,1724
url,200,1,566
url,321,1,527
url,201,1,583
url,685,1,1012
url,564,1,859
url,322,1,521
url,565,1,972
url,202,1,637
url,686,1,560
url,323,1,611
url,324,1,653
url,566,1,975
url,687,1,539
url,203,1,744
url,567,1,1039
url,204,1,926
url,688,1,899
url,325,1,556
url,568,1,963
url,326,1,531
url,689,1,669
url,205,1,648
url,206,1,657
url,327,1,781
url,569,1,784
url,207,1,660
url,328,1,570
url,329,1,685
url,208,1,761
url,209,1,621
url,690,1,557
url,570,1,1139
url,691,1,576
url,571,1,913
url,692,1,528
url,572,1,1156
url,693,1,612
url,330,1,619
url,210,1,620
url,573,1,1411
url,694,1,674
url,331,1,497
url,574,1,1188
url,211,1,681
url,695,1,843
url,332,1,574
url,575,1,943
url,696,1,1148
url,212,1,539
url,213,1,641
url,576,1,1372
url,334,1,608
url,577,1,1186
url,214,1,596
url,215,1,654
url,216,1,638
url,338,1,648
url,217,1,663
url,339,1,720
url,218,1,682
url,582,1,498
url,340,1,677
url,341,1,655
url,583,1,676
url,342,1,692
url,584,1,596
url,100,1,683
url,221,1,738
url,343,1,857
url,101,1,666
url,585,1,535
url,222,1,546
url,223,1,548
url,586,1,551
url,102,1,539
url,344,1,714
url,345,1,610
url,224,1,638
url,587,1,534
url,103,1,585
url,225,1,763
url,588,1,655
url,346,1,593
url,104,1,730
url,226,1,713
url,347,1,786
url,105,1,550
url,589,1,575
url,106,1,620
url,227,1,503
url,348,1,772
url,107,1,753
url,228,1,497
url,349,1,584
url,108,1,1061
url,229,1,677
url,109,1,1173
url,590,1,540
url,591,1,561
url,350,1,642
url,592,1,583
url,593,1,522
url,351,1,560
url,110,1,819
url,231,1,537
url,352,1,736
url,594,1,735
url,353,1,704
url,595,1,547
url,111,1,686
url,354,1,764
url,596,1,551
url,112,1,538
url,233,1,459
url,355,1,542
url,234,1,457
url,597,1,570
url,113,1,727
url,114,1,699
url,356,1,853
url,598,1,559
url,235,1,557
url,357,1,935
url,236,1,502
url,115,1,613
url,599,1,603
url,237,1,536
url,358,1,549
url,116,1,585
url,359,1,603
url,117,1,472
url,238,1,574
url,239,1,513
url,118,1,565
url,119,1,841
url,360,1,593
url,240,1,615
url,361,1,631
url,362,1,704
url,120,1,620
url,241,1,635
url,242,1,631
url,121,1,548
url,363,1,617
url,122,1,623
url,364,1,700
url,243,1,521
url,244,1,685
url,123,1,713
url,245,1,533
url,124,1,620
url,125,1,611
url,246,1,751
url,247,1,650
url,126,1,781
url,368,1,620
url,127,1,670
url,369,1,1299
url,248,1,752
url,128,1,678
url,249,1,796
url,129,1,706
url,23,1,483
url,24,1,686
url,25,1,561
url,26,1,781
url,27,1,572
url,28,1,701
url,29,1,724
url,370,1,678
url,371,1,621
url,250,1,747
url,251,1,529
url,130,1,787
url,131,1,615
url,252,1,583
url,373,1,601
url,132,1,836
url,253,1,731
url,254,1,695
url,133,1,766
url,134,1,991
url,255,1,558
url,376,1,523
url,256,1,681
url,135,1,555
url,377,1,578
url,378,1,687
url,136,1,673
url,257,1,661
url,258,1,661
url,137,1,811
url,379,1,645
url,259,1,635
url,138,1,541
url,139,1,541
url,30,1,827
url,31,1,548
url,32,1,609
url,33,1,513
url,34,1,564
url,35,1,591
url,37,1,611
url,38,1,747
url,39,1,812
url,380,1,724
url,260,1,641
url,261,1,674
url,140,1,980
url,382,1,662
url,262,1,465
url,384,1,564
url,263,1,452
url,385,1,662
url,264,1,503
url,265,1,509
url,387,1,675
url,146,1,1166
url,388,1,649
url,147,1,1040
url,389,1,686
url,269,1,1047
url,149,1,1255
url,40,1,618
url,41,1,461
url,42,1,874
url,43,1,544
url,44,1,643
url,45,1,800
url,46,1,699
url,47,1,741
url,48,1,493
url,49,1,935
url,271,1,626
url,392,1,574
url,272,1,661
url,273,1,682
url,274,1,935
url,153,1,982
url,395,1,539
url,396,1,705
url,275,1,977
url,154,1,1277
url,276,1,1233
url,397,1,628
url,277,1,672
url,398,1,952
url,399,1,606
url,157,1,843
url,278,1,760
url,279,1,481
url,158,1,718
url,50,1,1164
url,51,1,622
url,52,1,1154
url,53,1,1300
url,54,1,979
url,55,1,1081
url,56,1,967
url,57,1,574
url,58,1,564
url,59,1,587
url,280,1,556
url,281,1,1356
url,160,1,519
url,282,1,659
url,161,1,608
url,162,1,655
url,283,1,585
url,163,1,557
url,284,1,517
url,164,1,678
url,285,1,564
url,286,1,982
url,165,1,764
url,166,1,878
url,287,1,539
url,167,1,788
url,288,1,728
url,168,1,629
url,289,1,1117
url,169,1,763
url,60,1,911
url,61,1,640
url,62,1,575
url,63,1,489
url,64,1,598
url,65,1,639
url,66,1,560
url,67,1,616
url,68,1,495
url,69,1,596
url,290,1,780
url,170,1,984
url,291,1,562
url,292,1,1049
url,171,1,843
url,172,1,625
url,293,1,558
url,294,1,657
url,173,1,743
url,174,1,764
url,295,1,830
url,296,1,545
url,175,1,594
url,297,1,579
url,176,1,767
url,298,1,682
url,177,1,1909
url,178,1,568
url,299,1,527
url,179,1,636
url,70,1,600
url,71,1,796
url,72,1,590
url,73,1,542
url,74,1,768
url,75,1,782
url,76,1,582
url,77,1,619
url,78,1,596
url,79,1,751
url,180,1,559
url,181,1,647
url,182,1,637
url,188,1,686
url,189,1,1013
url,80,1,649
url,81,1,665
url,82,1,626
url,83,1,711
url,84,1,1003
url,85,1,524
url,86,1,638
url,87,1,719
url,88,1,518
url,89,1,627
url,190,1,635
url,191,1,721
url,192,1,542
url,193,1,596
url,194,1,664
url,195,1,555
url,196,1,694
url,197,1,539
url,198,1,635
url,199,1,879
url,90,1,719
url,91,1,599
url,92,1,735
url,93,1,487
url,94,1,703
url,95,1,516
url,96,1,672
url,97,1,823
url,98,1,881
url,99,1,719
url,900,1,543
url,901,1,625
url,902,1,560
url,903,1,606
url,904,1,618
url,905,1,593
url,906,1,532
url،,830,1,707
uruguay,173,1,743
usb,838,2,700
usbc,854,1,592
usbc،,854,1,592
use,184,1,336
usermorevert,184,1,336
v,155,1,46560
var,357,1,935
var,999,2,1328
vary,184,1,336
vategypt,184,1,336
vehicle,837,1,826
veolia,286,1,982
verge,856,1,713
verifiedinfooutlinearrowforwardratings,184,1,336
verifiedinfooutlinephoneandroidphonetabletandroidtabletk,184,1,336
vi,135,2,555
vi,19,1,2113
vi,828,1,2113
vice,135,2,555
vice,19,1,2113
vice,828,1,2113
videos,431,1,6
videos,945,1,6
vision,851,1,714
vision,837,1,826
voigt,725,1,738
volte,510,1,754
voting,877,1,644
vs,453,3,374
vs,454,1,370
vs,786,1,549
vs,9,1,777
vs,428,1,745
vs,429,1,777
vs,490,1,745
want,184,1,336
watch,533,1,525
watch,841,1,746
watch,538,3,721
watch,509,1,1259
watchit,494,1,885
water,286,1,982
wear,841,6,746
wearos,841,5,746
wearos,19,1,2113
wearos,828,1,2113
wearos،,841,1,746
wearos،,19,1,2113
wearos،,828,1,2113
web,831,2,613
web,19,1,2113
web,828,1,2113
webmasteryoumcom,183,1,412
webmasteryoumcom,185,1,463
weif,5,1,2042
weif,270,1,2042
weif,281,1,1356
what,184,1,336
whatsapp,414,1,1348
when,184,2,336
which,168,1,629
which,184,1,336
wifi,859,2,680
wikihow,401,1,1422
will,168,2,629
wilo,286,1,982
win,453,1,374
win,454,1,370
winamp,11,1,2032
winamp,22,1,2032
winamp,19,1,2113
winamp,1,1,2032
winamp,991,1,2032
winamp,133,14,766
winamp,972,1,2032
winamp,973,1,2032
winamp,962,1,2032
winamp,963,1,2032
winamp,933,1,2032
winamp,989,1,2032
winamp,948,1,2032
winamp,828,1,2113
winamp,949,1,2032
winamp،,133,6,766
winamp،,19,1,2113
winamp،,828,1,2113
windows،,134,1,991
winners,877,1,644
wishlistabout,184,1,336
with,168,1,629
with,184,3,336
word,860,2,597
word،,860,1,597
workspace,131,3,615
world,796,1,856
world,899,1,739
would,184,1,336
x,16,1,2043
x,19,4,2113
x,350,1,642
x,351,8,560
x,166,6,878
x,830,12,707
x,358,8,549
x,855,1,647
x,856,1,713
x,857,4,967
x,704,1,2043
x,727,1,583
x,828,4,2113
xai،,830,1,707
xbox,19,3,2113
xbox,833,7,640
xbox,839,2,584
xbox,828,3,2113
xbox،,833,3,640
xcom,940,1,1
xcom,995,1,1
xcom,830,1,707
xcom,964,1,1
xcom,979,1,1
xcom،,830,1,707
xcom،,19,1,2113
xcom،,828,1,2113
xr,837,1,826
xs,833,1,640
xylem,286,1,982
x،,830,2,707
x،,238,1,574
x،,19,1,2113
x،,849,1,573
x،,828,1,2113
x؟,476,1,651
x؟,477,1,342
x؟,478,1,340
y,173,1,743
yasmin,724,1,670
york,758,1,838
you,168,2,629
you,150,1,15699
you,184,9,336
you,31,1,548
youm,431,2,6
youm,945,2,6
youm,184,1,336
youmcom,184,1,336
youm،,414,1,1348
your,184,3,336
youtube,430,1,17
youtube,829,1,625
